,Player,Team,Position,Age,Date of Birth,Birth City,Birth State/Province,Birth Country,Nationality,Height (in),Weight (lbs),Draft Year,Draft Team,Draft Round,Round Pick,Overall Draft Position
0,Martin Brodeur,N.J,G,51,1972-05-06,Montreal,QC,CAN,CAN,74,220,1990,N.J,1,20,20
1,Chris Osgood,DET,G,51,1972-11-26,Peace River,AB,CAN,CAN,70,180,1991,DET,3,10,54
2,Nikolai Khabibulin,EDM,G,50,1973-01-13,Sverdlovsk,,RUS,RUS,73,208,1992,WIN,9,12,204
3,Manny Legace,CAR,G,50,1973-02-04,Toronto,ON,CAN,CAN,70,200,1993,HFD,8,6,188
4,Patrick Lalime,BUF,G,49,1974-07-07,St. Bonaventure,QC,CAN,CAN,75,192,1993,PIT,6,26,156
5,Jose Theodore,WSH,G,47,1976-09-13,Laval,QC,CAN,CAN,71,172,1994,MTL,2,18,44
6,Marty Turco,DAL,G,48,1975-08-13,Sault Ste. Marie,ON,CAN,CAN,71,184,1994,DAL,5,20,124
7,Tim Thomas,BOS,G,49,1974-04-15,Flint,MI,USA,USA,71,201,1994,QUE,9,9,217
8,Johan Hedberg,ATL,G,50,1973-05-05,Leksand,,SWE,SWE,72,190,1994,PHI,9,10,218
9,Evgeni Nabokov,S.J,G,48,1975-07-25,Kamenogorsk,,KAZ,RUS,72,202,1994,S.J,9,11,219
10,Tomas Vokoun,FLA,G,47,1976-07-02,Karlovy Vary,,CZE,CZE,73,210,1994,MTL,9,18,226
11,Dwayne Roloson,NYI,G,54,1969-10-12,Simcoe,ON,CAN,CAN,73,170,-,-,-,-,-
12,Jean-Sebastien Giguere,"ANA, TOR",G,46,1977-05-16,Montreal,QC,CAN,CAN,73,202,1995,HFD,1,13,13
13,Martin Biron,NYI,G,46,1977-08-15,Lac St. Charles,QC,CAN,CAN,74,186,1995,BUF,1,16,16
14,Brian Boucher,PHI,G,46,1977-01-02,Woonsocket,RI,USA,USA,74,200,1995,PHI,1,22,22
15,Vesa Toskala,"CGY, TOR",G,46,1977-05-20,Tampere,,FIN,FIN,70,198,1995,S.J,4,12,90
16,Miikka Kiprusoff,CGY,G,47,1976-10-26,Turku,,FIN,FIN,73,185,1995,S.J,5,12,116
17,Chris Mason,STL,G,47,1976-04-20,Red Deer,AB,CAN,CAN,72,198,1995,N.J,5,18,122
18,Brent Johnson,PIT,G,46,1977-03-12,Farmington,MI,USA,USA,75,199,1995,COL,5,25,129
19,Mathieu Garon,CBJ,G,45,1978-01-09,Chandler,QC,CAN,CAN,73,198,1996,MTL,2,18,44
20,Steve Valiquette,NYR,G,46,1977-08-20,Etobicoke,ON,CAN,CAN,78,210,1996,L.A,8,1,190
21,Roberto Luongo,VAN,G,44,1979-04-04,Montreal,QC,CAN,CAN,75,215,1997,NYI,1,4,4
22,Scott Clemmensen,FLA,G,46,1977-07-23,Des Moines,IA,USA,USA,74,200,1997,N.J,8,25,215
23,Jason LaBarbera,PHX,G,43,1980-01-18,Burnaby,BC,CAN,CAN,75,232,1998,NYR,3,8,66
24,Andrew Raycroft,VAN,G,43,1980-05-04,Belleville,ON,CAN,CAN,73,180,1998,BOS,5,21,135
25,Antero Niittymaki,T.B,G,43,1980-06-18,Turku,,FIN,FIN,73,195,1998,PHI,6,23,168
26,Alex Auld,"DAL, NYR",G,42,1981-01-07,Cold Lake,AB,CAN,CAN,76,215,1999,FLA,2,12,40
27,Craig Anderson,COL,G,42,1981-05-21,Park Ridge,IL,USA,USA,74,187,2001,CHI,3,10,73
28,Ryan Miller,BUF,G,43,1980-07-17,East Lansing,MI,USA,USA,75,170,1999,BUF,5,12,138
29,Michael Leighton,"CAR, PHI",G,42,1981-05-19,Petrolia,ON,CAN,CAN,75,186,1999,CHI,6,8,165
30,Rick DiPietro,NYI,G,42,1981-09-19,Winthrop,MA,USA,USA,72,185,2000,NYI,1,1,1
31,Ilya Bryzgalov,PHX,G,43,1980-06-22,Togliatti,,RUS,RUS,75,213,2000,ANA,2,14,44
32,Dan Ellis,NSH,G,43,1980-06-19,Saskatoon,SK,CAN,CAN,73,195,2000,DAL,2,30,60
33,Henrik Lundqvist,NYR,G,41,1982-03-02,Are,,SWE,SWE,73,182,2000,NYR,7,8,205
34,Ty Conklin,STL,G,47,1976-03-30,Anchorage,AK,USA,USA,73,185,-,-,-,-,-
35,Pascal Leclaire,OTT,G,41,1982-11-07,Repentigny,QC,CAN,CAN,74,202,2001,CBJ,1,8,8
36,Peter Budaj,COL,G,41,1982-09-18,Banská Bystrica,,SVK,SVK,73,196,2001,COL,2,33,63
37,Ray Emery,PHI,G,41,1982-09-28,Hamilton,ON,CAN,CAN,74,196,2001,OTT,4,3,99
38,Mike Smith,T.B,G,41,1982-03-22,Kingston,ON,CAN,CAN,77,220,2001,DAL,5,30,161
39,Cristobal Huet,CHI,G,48,1975-09-03,St-Martin-d'Hères,,FRA,FRA,73,205,2001,L.A,7,18,214
40,Joey MacDonald,TOR,G,43,1980-02-07,Pictou,NS,CAN,CAN,72,197,-,-,-,-,-
41,Jeff Deslauriers,EDM,G,39,1984-05-15,St-Jean-Richelieu,QC,CAN,CAN,76,203,2002,EDM,2,1,31
42,Kari Lehtonen,DAL,G,40,1983-11-16,Helsinki,,FIN,FIN,76,209,2002,ATL,1,2,2
43,Curtis McElhinney,"ANA, CGY",G,40,1983-05-23,London,ON,CAN,CAN,74,210,2002,CGY,6,10,176
44,Josh Harding,MIN,G,39,1984-06-18,Regina,SK,CAN,CAN,74,194,2002,MIN,2,8,38
45,Cam Ward,CAR,G,39,1984-02-29,Saskatoon,SK,CAN,CAN,73,194,2002,CAR,1,25,25
46,Wade Dubielewicz,MIN,G,44,1979-01-30,Invermere,BC,CAN,CAN,70,185,-,-,-,-,-
47,Marc-Andre Fleury,PIT,G,39,1984-11-28,Sorel,QC,CAN,CAN,74,185,2003,PIT,1,1,1
48,Corey Crawford,CHI,G,38,1984-12-31,Montreal,QC,CAN,CAN,74,216,2003,CHI,2,22,52
49,Jimmy Howard,DET,G,39,1984-03-26,Syracuse,NY,USA,USA,73,218,2003,DET,2,34,64
50,Mike Brodeur,OTT,G,40,1983-03-30,Calgary,AB,CAN,CAN,74,185,2003,CHI,7,14,211
51,Matt Zaba,NYR,G,40,1983-07-14,Yorkton,SK,CAN,CAN,73,190,2003,L.A,8,2,231
52,Jaroslav Halak,MTL,G,38,1985-05-13,Bratislava,,SVK,SVK,71,189,2003,MTL,9,10,271
53,Brian Elliott,OTT,G,38,1985-04-09,Newmarket,ON,CAN,CAN,74,221,2003,OTT,9,30,291
54,Yann Danis,N.J,G,42,1981-06-21,Lafontaine,QC,CAN,CAN,71,180,-,-,-,-,-
55,Devan Dubnyk,EDM,G,37,1986-05-04,Regina,SK,CAN,CAN,78,224,2004,EDM,1,14,14
56,Cory Schneider,VAN,G,37,1986-03-18,Marblehead,MA,USA,USA,75,214,2004,VAN,1,26,26
57,Justin Peters,CAR,G,37,1986-08-30,Blyth,ON,CAN,CAN,73,210,2004,CAR,2,8,38
58,Thomas Greiss,S.J,G,37,1986-01-29,Fussen,,DEU,DEU,74,219,2004,S.J,3,29,94
59,Anton Khudobin,MIN,G,37,1986-05-07,Ust-Kamenogorsk,,KAZ,RUS,71,210,2004,MIN,7,13,206
60,Pekka Rinne,NSH,G,41,1982-11-03,Kempele,,FIN,FIN,77,217,2004,NSH,8,31,258
61,Carey Price,MTL,G,36,1987-08-16,Anahim Lake,BC,CAN,CAN,75,217,2005,MTL,1,5,5
62,Tuukka Rask,BOS,G,36,1987-03-10,Savonlinna,,FIN,FIN,75,176,2005,TOR,1,21,21
63,Ondrej Pavelec,ATL,G,36,1987-08-31,Kladno,,CZE,CZE,75,212,2005,ATL,2,11,41
64,Jonathan Quick,L.A,G,37,1986-01-21,Milford,CT,USA,USA,73,220,2005,L.A,3,11,72
65,Jeremy Duchesne,PHI,G,37,1986-10-17,Silver Spring,MD,USA,USA,72,201,2005,PHI,4,28,119
66,Niklas Backstrom,MIN,G,45,1978-02-13,Helsinki,,FIN,FIN,74,192,-,-,-,-,-
67,Chad Johnson,NYR,G,37,1986-06-10,Saskatoon,SK,CAN,CAN,75,197,2006,PIT,5,2,125
68,Steve Mason,CBJ,G,35,1988-05-29,Oakville,ON,CAN,CAN,76,188,2006,CBJ,3,6,69
69,Jhonas Enroth,BUF,G,35,1988-06-25,Stockholm,,SWE,SWE,70,175,2006,BUF,2,16,46
70,Jonathan Bernier,L.A,G,35,1988-08-07,Laval,QC,CAN,CAN,72,185,2006,L.A,1,11,11
71,Semyon Varlamov,WSH,G,35,1988-04-27,Samara,,RUS,RUS,74,206,2006,WSH,1,23,23
72,Michal Neuvirth,WSH,G,35,1988-03-23,Ústí nad Labem,,CZE,CZE,73,209,2006,WSH,2,4,34
73,Jonas Hiller,ANA,G,41,1982-02-12,Felben Wellhausen,,CHE,CHE,74,191,-,-,-,-,-
74,Erik Ersberg,L.A,G,41,1982-03-08,Sala,,SWE,SWE,72,165,-,-,-,-,-
75,John Curry,PIT,G,39,1984-02-27,Shorewood,MN,USA,USA,71,185,-,-,-,-,-
76,Matt Climie,DAL,G,40,1983-02-11,Leduc,AB,CAN,CAN,75,194,-,-,-,-,-
77,Antti Niemi,CHI,G,40,1983-08-29,Vantaa,,FIN,FIN,74,209,-,-,-,-,-
78,Dustin Tokarski,T.B,G,34,1989-09-16,Watson,SK,CAN,CAN,72,198,2008,T.B,5,1,122
79,Alexander Pechurskiy,PIT,G,33,1990-06-04,Magnitogorsk,,RUS,RUS,72,188,2008,PIT,5,29,150
80,Johan Backlund,PHI,G,42,1981-07-24,Skellefteå,,SWE,SWE,74,198,-,-,-,-,-
81,Alexander Salak,FLA,G,36,1987-01-05,Strakonice,,CZE,CZE,73,189,-,-,-,-,-
82,Jonas Gustavsson,TOR,G,39,1984-10-24,Danderyd,,SWE,SWE,76,201,-,-,-,-,-
