,Player,Team,Position,Age,Date of Birth,Birth City,Birth State/Province,Birth Country,Nationality,Height (in),Weight (lbs),Draft Year,Draft Team,Draft Round,Round Pick,Overall Draft Position
0,Marc-Andre Fleury,MIN,G,39,1984-11-28,Sorel,QC,CAN,CAN,74,185,2003,PIT,1,1,1
1,Jonathan Quick,NYR,G,38,1986-01-21,Milford,CT,USA,USA,73,220,2005,L.A,3,11,72
2,James Reimer,ANA,G,36,1988-03-15,Morweena,MB,CAN,CAN,75,205,2006,TOR,4,6,99
3,Semyon Varlamov,NYI,G,36,1988-04-27,Samara,,RUS,RUS,74,206,2006,WSH,1,23,23
4,Jacob Markstrom,N.J,G,34,1990-01-31,Gävle,,SWE,SWE,78,207,2008,FLA,2,1,31
5,Jake Allen,N.J,G,34,1990-08-07,Fredericton,NB,CAN,CAN,74,195,2008,STL,2,4,34
6,Darcy Kuemper,L.A,G,34,1990-05-05,Saskatoon,SK,CAN,CAN,77,215,2009,MIN,6,10,161
7,Cam Talbot,DET,G,37,1987-07-05,Caledonia,ON,CAN,CAN,76,201,-,-,-,-,-
8,Sergei Bobrovsky,FLA,G,36,1988-09-20,Novokuznetsk,,RUS,RUS,74,182,-,-,-,-,-
9,Calvin Pickard,EDM,G,32,1992-04-15,Moncton,NB,CAN,CAN,73,210,2010,COL,2,19,49
10,Scott Wedgewood,NSH,G,32,1992-08-14,Brampton,ON,CAN,CAN,74,205,2010,N.J,3,24,84
11,Philipp Grubauer,SEA,G,32,1991-11-25,Rosenheim,,DEU,DEU,73,188,2010,WSH,4,22,112
12,Petr Mrazek,CHI,G,32,1992-02-14,Ostrava,,CZE,CZE,74,188,2010,DET,5,21,141
13,Frederik Andersen,CAR,G,35,1989-10-02,Herning,,DNK,DNK,76,238,2012,ANA,3,26,87
14,Anton Forsberg,OTT,G,31,1992-11-27,Härnösand,,SWE,SWE,75,193,2011,CBJ,7,7,188
15,Jordan Binnington,STL,G,31,1993-07-11,Richmond Hill,ON,CAN,CAN,74,172,2011,STL,3,27,88
16,Andrei Vasilevskiy,T.B,G,30,1994-07-25,Tyumen,,RUS,RUS,76,220,2012,T.B,1,19,19
17,Joonas Korpisalo,BOS,G,30,1994-04-28,Pori,,FIN,FIN,75,193,2012,CBJ,3,1,62
18,Anthony Stolarz,TOR,G,30,1994-01-20,Edison,NJ,USA,USA,78,243,2012,PHI,2,15,45
19,Connor Hellebuyck,WPG,G,31,1993-05-19,Commerce,MI,USA,USA,76,216,2012,WPG,5,9,130
20,Linus Ullmark,OTT,G,31,1993-07-31,Lugnvik,,SWE,SWE,77,212,2012,BUF,6,12,163
21,Juuse Saros,NSH,G,29,1995-04-19,Forssa,,FIN,FIN,71,180,2013,NSH,4,8,99
22,Tristan Jarry,PIT,G,29,1995-04-29,Surrey,BC,CAN,CAN,74,194,2013,PIT,2,14,44
23,Eric Comrie,WPG,G,29,1995-07-06,Edmonton,AB,CAN,CAN,73,183,2013,WPG,2,29,59
24,Pheonix Copley,L.A,G,32,1992-01-18,North Pole,AK,USA,USA,76,200,-,-,-,-,-
25,Alex Nedeljkovic,PIT,G,28,1996-01-07,Parma,OH,USA,USA,72,208,2014,CAR,2,7,37
26,Vitek Vanecek,S.J,G,28,1996-01-09,Havlickuv Brod,,CZE,CZE,74,184,2014,WSH,2,9,39
27,Jonas Johansson,T.B,G,29,1995-09-19,Gävle,,SWE,SWE,77,220,2014,BUF,3,1,61
28,Elvis Merzlikins,CBJ,G,30,1994-04-13,Riga,,LVA,LVA,75,183,2014,CBJ,3,16,76
29,Ilya Sorokin,NYI,G,29,1995-08-04,Mezhdurechensk,,RUS,RUS,75,195,2014,NYI,3,18,78
30,Ville Husso,DET,G,29,1995-02-06,Helsinki,,FIN,FIN,75,200,2014,STL,4,4,94
31,Igor Shesterkin,NYR,G,28,1995-12-30,Moscow,,RUS,RUS,73,189,2014,NYR,4,28,118
32,Mackenzie Blackwood,S.J,G,27,1996-12-09,Thunder Bay,ON,CAN,CAN,76,225,2015,N.J,2,12,42
33,Dan Vladar,CGY,G,27,1997-08-20,Prague,,CZE,CZE,77,209,2015,BOS,3,14,75
34,Sam Montembeault,MTL,G,27,1996-10-30,Bécancour,QC,CAN,CAN,75,214,2015,FLA,3,16,77
35,Ilya Samsonov,VGK,G,27,1997-02-22,Magnitogorsk,,RUS,RUS,75,214,2015,WSH,1,22,22
36,Adin Hill,VGK,G,28,1996-05-11,Comox,BC,CAN,CAN,76,215,2015,ARI,3,15,76
37,Karel Vejmelka,UTA,G,28,1996-05-25,Trebic,,CZE,CZE,76,224,2015,NSH,5,24,145
38,Ivan Fedotov,PHI,G,27,1996-11-28,Russia,,RUS,RUS,78,188,2015,PHI,7,7,188
39,Joey Daccord,SEA,G,28,1996-08-19,Boston,MA,USA,USA,74,201,2015,OTT,7,18,199
40,Connor Ingram,UTA,G,27,1997-03-31,Saskatoon,SK,CAN,CAN,74,196,2016,T.B,3,27,88
41,Casey DeSmith,DAL,G,33,1991-08-13,Rochester,NH,USA,USA,72,181,-,-,-,-,-
42,Charlie Lindgren,WSH,G,30,1993-12-18,Lakeville,MN,USA,USA,74,179,-,-,-,-,-
43,Alex Lyon,DET,G,31,1992-12-09,Baudette,MN,USA,USA,73,201,-,-,-,-,-
44,Filip Gustavsson,MIN,G,26,1998-06-07,Skellefteå,,SWE,SWE,74,184,2016,PIT,2,25,55
45,David Rittich,L.A,G,32,1992-08-19,Jihlava,,CZE,CZE,76,205,-,-,-,-,-
46,Stuart Skinner,EDM,G,25,1998-11-01,Edmonton,AB,CAN,CAN,76,206,2017,EDM,3,16,78
47,Jake Oettinger,DAL,G,25,1998-12-18,Lakeville,MN,USA,USA,77,220,2017,DAL,1,26,26
48,Ukko-Pekka Luukkonen,BUF,G,25,1999-03-09,Espoo,,FIN,FIN,77,217,2017,BUF,2,23,54
49,Cayden Primeau,MTL,G,25,1999-08-11,Farmington Hills,MI,USA,USA,74,199,2017,MTL,7,13,199
50,Daniil Tarasov,CBJ,G,25,1999-03-27,Novokuznetsk,,RUS,RUS,77,196,2017,CBJ,3,24,86
51,Jeremy Swayman,BOS,G,25,1998-11-24,Anchorage,AK,USA,USA,74,194,2017,BOS,4,18,111
52,Logan Thompson,WSH,G,27,1997-02-25,Calgary,AB,CAN,CAN,76,205,-,-,-,-,-
53,Alexandar Georgiev,COL,G,28,1996-02-10,Moscow,,RUS,RUS,73,178,-,-,-,-,-
54,Lukas Dostal,ANA,G,24,2000-06-22,Brno,,CZE,CZE,74,174,2018,ANA,3,23,85
55,Kevin Lankinen,VAN,G,29,1995-04-28,Helsinki,,FIN,FIN,74,190,-,-,-,-,-
56,Joel Hofer,STL,G,24,2000-07-30,Winnipeg,MB,CAN,CAN,77,179,2018,STL,4,14,107
57,Justus Annunen,COL,G,24,2000-03-11,Kempele,,FIN,FIN,76,210,-,-,-,-,-
58,Samuel Ersson,PHI,G,25,1999-10-20,Falun,,SWE,SWE,74,176,2018,PHI,5,19,143
59,Spencer Knight,FLA,G,23,2001-04-19,Stamford,CT,USA,USA,75,192,2019,FLA,1,13,13
60,Mads Sogaard,OTT,G,23,2000-12-13,Aalborg,,DNK,DNK,79,196,-,-,-,-,-
61,Pyotr Kochetkov,CAR,G,25,1999-06-25,Penza,,RUS,RUS,75,205,2019,CAR,2,5,36
62,Arturs Silovs,VAN,G,23,2001-03-22,,,LVA,LVA,76,203,2019,VAN,6,1,156
63,Dustin Wolf,CGY,G,23,2001-04-16,Gilroy,CA,USA,USA,72,156,2019,CGY,7,28,214
64,Devon Levi,BUF,G,22,2001-12-27,Dollard-des-Ormeaux,QC,CAN,CAN,72,184,2020,FLA,7,26,212
65,Joel Blomqvist,PIT,G,22,2002-01-10,,,FIN,,74,183,2020,PIT,2,21,52
66,Arvid Soderblom,CHI,G,25,1999-08-19,Göteborg,,SWE,SWE,75,180,-,-,-,-,-
67,Dennis Hildeby,TOR,G,23,2001-08-19,,,SWE,,79,222,2022,TOR,4,25,122
