,Date,Home Name,Away Name,Home Win Probability,Away Win Probability,Away EV,Home EV
0,2024-11-02,Tennessee Titans,New England Patriots,62.2,37.8,-9.3,-0.1
1,2024-11-02,Atlanta Falcons,Dallas Cowboys,72.7,27.3,-31.7,15.5
2,2024-11-02,Baltimore Ravens,Denver Broncos,46.5,53.5,154.1,-44.2
3,2024-11-02,Buffalo Bills,Miami Dolphins,94.7,5.3,-83.0,29.1
4,2024-11-02,Carolina Panthers,New Orleans Saints,8.2,91.8,18.0,-68.8
5,2024-11-02,Cincinnati Bengals,Las Vegas Raiders,65.2,34.8,28.8,-15.6
6,2024-11-02,Cleveland Browns,Los Angeles Chargers,12.6,87.4,63.4,-75.4
7,2024-11-02,New York Giants,Washington Commanders,14.4,85.6,28.4,-61.1
8,2024-11-02,Arizona Cardinals,Chicago Bears,44.1,55.9,14.6,-20.6
9,2024-11-02,Philadelphia Eagles,Jacksonville Jaguars,89.0,11.0,-58.2,14.4
10,2024-11-02,Seattle Seahawks,Los Angeles Rams,50.5,49.5,-10.9,3.5
11,2024-11-02,Green Bay Packers,Detroit Lions,19.1,80.8,40.7,-58.9
12,2024-11-02,Minnesota Vikings,Indianapolis Colts,84.0,16.0,-52.0,17.6
