,Date,Home Name,Away Name,Home Win Probability,Away Win Probability,Away EV,Home EV
0,2024-11-02,Army Black Knights,Air Force Falcons,99.4,0.6,-95.2,7.7
1,2024-11-02,UTSA Roadrunners,Memphis Tigers,4.0,96.0,30.9,-86.8
2,2024-11-02,Arkansas Razorbacks,Ole Miss Rebels,9.7,90.3,20.4,-67.0
3,2024-11-02,Akron Zips,Buffalo Bulls,45.6,54.4,1.7,-11.0
4,2024-11-02,Eastern Michigan Eagles,Toledo Rockets,24.3,75.7,-4.1,-5.2
5,2024-11-02,Miami-FL Hurricanes,Duke Blue Devils,95.5,4.5,-55.0,1.5
6,2024-11-02,NC State Wolfpack,Stanford Cardinal,67.1,32.9,28.3,-15.0
7,2024-11-02,Syracuse Orange,Virginia Tech Hokies,11.6,88.4,37.5,-70.4
8,2024-11-02,Illinois Fighting Illini,Minnesota Golden Gophers,26.9,73.1,27.2,-42.2
9,2024-11-02,Purdue Boilermakers,Northwestern Wildcats,5.0,95.0,104.2,-91.3
10,2024-11-02,Penn State Nittany Lions,Ohio State Buckeyes,17.7,82.3,33.7,-57.5
11,2024-11-02,Auburn Tigers,Vanderbilt Commodores,41.6,58.4,98.6,-43.5
12,2024-11-02,UAB Blazers,Tulsa Golden Hurricane,72.4,27.6,-39.3,24.1
13,2024-11-02,Appalachian State Mountaineers,Old Dominion Monarchs,4.5,95.6,59.3,-89.6
14,2024-11-02,Georgia Bulldogs,Florida Gators,78.4,21.6,29.6,-10.4
15,2024-11-02,Marshall Thundering Herd,Louisiana-Monroe Warhawks,69.2,30.8,26.3,-13.5
16,2024-11-02,UCF Knights,Arizona Wildcats,76.4,23.6,-30.4,8.9
17,2024-11-02,Houston Cougars,Kansas State Wildcats,5.7,94.3,11.4,-71.5
18,2024-11-02,Iowa State Cyclones,Texas Tech Red Raiders,88.5,11.6,-39.1,4.6
19,2024-11-02,Oklahoma State Cowboys,Arizona State Sun Devils,27.8,72.2,12.3,-27.7
20,2024-11-02,Florida State Seminoles,North Carolina Tar Heels,23.9,76.1,32.5,-48.6
21,2024-11-02,UTEP Miners,Middle Tennessee Blue Raiders,51.4,48.6,11.8,-14.3
22,2024-11-02,Michigan State Spartans,Indiana Hoosiers,2.9,97.1,28.4,-89.7
23,2024-11-02,Michigan Wolverines,Oregon Ducks,7.6,92.4,5.6,-54.4
24,2024-11-02,Nebraska Cornhuskers,UCLA Bruins,66.3,33.7,7.8,-9.6
25,2024-11-02,Rice Owls,Navy Midshipmen,3.4,96.6,17.2,-84.9
26,2024-11-02,New Mexico Lobos,Wyoming Cowboys,45.8,54.2,84.3,-38.9
27,2024-11-02,Troy Trojans,Coastal Carolina Chanticleers,23.6,76.4,20.1,-42.2
28,2024-11-02,Mississippi State Bulldogs,Massachusetts Minutemen,98.4,1.6,-88.0,8.2
29,2024-11-02,Fresno State Bulldogs,Hawaii Rainbow Warriors,66.9,33.1,57.2,-19.7
30,2024-11-02,South Carolina Gamecocks,Texas A&M Aggies,51.2,48.8,-20.7,20.3
31,2024-11-02,South Alabama Jaguars,Georgia Southern Eagles,53.0,47.0,33.9,-23.4
32,2024-11-02,Clemson Tigers,Louisville Cardinals,59.5,40.5,66.1,-25.6
33,2024-11-02,Iowa Hawkeyes,Wisconsin Badgers,56.9,43.1,-3.0,-3.9
34,2024-11-02,Washington Huskies,USC Trojans,16.5,83.5,47.7,-65.4
35,2024-11-02,Tennessee Volunteers,Kentucky Wildcats,95.6,4.4,-67.0,5.2
36,2024-11-02,Nevada Wolf Pack,Colorado State Rams,60.5,39.5,-28.9,24.0
37,2024-11-02,Baylor Bears,TCU Horned Frogs,70.9,29.1,-33.1,18.2
38,2024-11-02,SMU Mustangs,Pittsburgh Panthers,53.7,46.3,57.4,-28.4
