,Home Team,Home points,Away points,Away Team,xGD,GD,Upset Rating
1,Louisville Cardinals,24,20,Virginia Cavaliers,13.91,4,9.91
2,USC Trojans,27,20,LSU Tigers,-2.81,7,9.81
3,Houston Cougars,12,16,Oklahoma Sooners,-13.78,-4,9.78
4,Kent State Golden Flashes,0,71,Tennessee Volunteers,-61.43,-71,9.57
5,Houston Christian,7,45,UTSA,-28.51,-38,9.49
6,Bowling Green Falcons,41,26,Toledo Rockets,5.57,15,9.43
7,Baylor Bears,21,43,Iowa State Cyclones,-12.61,-22,9.39
8,Eastern Michigan Eagles,21,25,Akron Zips,5.30,-4,9.30
9,South Florida Bulls,49,24,Southern Miss Golden Eagles,15.71,25,9.29
10,Arizona State Sun Devils,22,30,Texas Tech Red Raiders,1.24,-8,9.24
11,Cincinnati Bearcats,41,44,Texas Tech Red Raiders,6.23,-3,9.23
12,Air Force Falcons,37,52,New Mexico Lobos,-5.79,-15,9.21
13,Houston Christian,7,59,SMU Mustangs,-61.19,-52,9.19
14,Duke Blue Devils,14,24,Georgia Tech Yellow Jackets,-0.82,-10,9.18
15,UTSA,45,46,Tulsa Golden Hurricane,8.13,-1,9.13
16,UNLV Rebels,33,25,Oregon State Beavers,17.06,8,9.06
17,Tulsa Golden Hurricane,24,28,Arkansas State Red Wolves,-13.06,-4,9.06
18,Northwestern State,10,87,South Alabama,-67.95,-77,9.05
19,Boston College Eagles,21,42,Virginia Tech Hokies,-11.96,-21,9.04
20,Cincinnati Bearcats,23,34,Colorado Buffaloes,-2.01,-11,8.99
21,FIU Golden Panthers,24,31,Liberty Flames,1.90,-7,8.90
22,Indiana Hoosiers,41,24,Northwestern Wildcats,25.83,17,8.83
23,Alabama Crimson Tide,17,24,Tennessee Volunteers,1.78,-7,8.78
24,Tulsa Golden Hurricane,20,52,North Texas Mean Green,-23.26,-32,8.74
25,Fresno State Bulldogs,10,30,Michigan Wolverines,-11.26,-20,8.74
26,San Jose State Spartans,24,31,Colorado State Rams,1.72,-7,8.72
27,Northwestern State,28,62,Tulsa Golden Hurricane,-42.72,-34,8.72
28,Old Dominion,21,14,Georgia State Panthers,15.67,7,8.67
29,Texas A&M Aggies,33,20,Florida Gators,4.35,13,8.65
30,Temple Owls,20,29,Connecticut Huskies,-17.54,-9,8.54
31,Eastern Illinois Panthers,7,31,Northwestern Wildcats,-32.50,-24,8.50
32,Washington Huskies,18,21,Rutgers Scarlet Knights,5.42,-3,8.42
33,Tennessee Volunteers,51,10,NC State Wolfpack,32.59,41,8.41
34,San Diego State Aztecs,21,22,Central Michigan Chippewas,7.41,-1,8.41
35,Wisconsin Badgers,23,3,Northwestern Wildcats,11.65,20,8.35
36,Ole Miss Rebles,26,29,LSU Tigers,5.32,-3,8.32
37,Eastern Illinois Panthers,0,45,Illinois Fighting Illini,-36.74,-45,8.26
38,Ball State Cardinals,37,35,Kent State Golden Flashes,10.25,2,8.25
39,Minnesota Golden Gophers,24,27,Michigan Wolverines,5.23,-3,8.23
40,SMU Mustangs,28,27,Duke Blue Devils,9.14,1,8.14
41,Colorado Buffaloes,28,9,Colorado State Rams,27.09,19,8.09
42,Illinois Fighting Illini,31,24,Nebraska Cornhuskers,-1.06,7,8.06
43,Ohio State Buckeyes,31,32,Oregon Ducks,7.06,-1,8.06
44,Louisville Cardinals,31,27,Boston College Eagles,12.00,4,8.00
45,Akron Zips,10,30,Ohio Bobcats,-12.00,-20,8.00
46,UCLA Bruins,16,13,Hawaii Warriors,10.96,3,7.96
47,Eastern Kentucky,0,31,Western Kentucky Hilltoppers,-38.96,-31,7.96
48,Appalachian State,21,19,East Carolina Pirates,-5.95,2,7.95
49,Eastern Kentucky,7,56,Mississippi State Bulldogs,-41.06,-49,7.94
50,UMass Minutemen,20,34,Northern Illinois Huskies,-21.91,-14,7.91
51,Georgia Tech Yellow Jackets,41,34,North Carolina Tar Heels,-0.90,7,7.90
52,Kansas Jayhawks,27,29,Kansas State Wildcats,-9.89,-2,7.89
53,Oklahoma State Cowboys,20,42,Kansas State Wildcats,-14.14,-22,7.86
54,Penn State Nittany Lions,34,12,West Virginia Mountaineers,14.16,22,7.84
55,Oregon State Beavers,37,42,Nevada Wolf Pack,2.64,-5,7.64
56,Penn State Nittany Lions,28,13,Wisconsin Badgers,7.36,15,7.64
57,Memphis Tigers,21,3,South Florida Bulls,10.37,18,7.63
58,Maryland Terrapins,27,13,Virginia Cavaliers,6.40,14,7.60
59,Mississippi State Bulldogs,13,35,Texas Longhorns,-29.52,-22,7.52
60,Georgia Tech Yellow Jackets,28,31,Syracuse Orange,4.50,-3,7.50
61,SMU Mustangs,34,27,Louisville Cardinals,-0.45,7,7.45
62,UMass Minutemen,23,38,Toledo Rockets,-22.39,-15,7.39
63,UNLV Rebels,27,7,Houston Cougars,12.62,20,7.38
64,Western Michigan Broncos,45,42,Ball State Cardinals,10.38,3,7.38
65,North Carolina Tar Heels,19,17,Minnesota Golden Gophers,-5.37,2,7.37
66,South Carolina Gamecocks,25,27,Alabama Crimson Tide,-9.33,-2,7.33
67,Virginia Tech Hokies,37,17,Old Dominion,12.68,20,7.32
68,Ohio Bobcats,22,38,Syracuse Orange,-8.72,-16,7.28
69,Arizona Wildcats,7,31,Kansas State Wildcats,-16.78,-24,7.22
70,Stanford Cardinal,7,49,Notre Dame Fighting Irish,-34.84,-42,7.16
71,SMU Mustangs,40,10,Stanford Cardinal,22.93,30,7.07
72,Tennessee Volunteers,25,15,Oklahoma Sooners,17.03,10,7.03
73,Memphis Tigers,44,56,Navy Midshipmen,-5.11,-12,6.89
74,UTEP Miners,10,28,Liberty Flames,-11.12,-18,6.88
75,Nebraska Cornhuskers,28,10,Purdue Boilermakers,24.80,18,6.80
76,Boise State Broncos,56,45,Georgia Southern,17.76,11,6.76
77,Northern Iowa,3,34,Nebraska Cornhuskers,-37.75,-31,6.75
78,Western Kentucky Hilltoppers,49,21,Middle Tennessee St. Blue Raiders,21.31,28,6.69
79,Oklahoma State Cowboys,45,10,Tulsa Golden Hurricane,28.31,35,6.69
80,Northern Iowa,7,36,Hawaii Warriors,-22.31,-29,6.69
81,Louisiana-Lafayette Ragin' Cajuns,34,24,Coastal Carolina Chanticleers,3.34,10,6.66
82,Hawaii Warriors,24,27,San Diego State Aztecs,3.63,-3,6.63
83,Bethune Cookman,3,48,South Florida Bulls,-38.37,-45,6.63
84,Alcorn State,3,41,UAB Blazers,-31.37,-38,6.63
85,Appalachian State,24,34,Louisiana-Lafayette Ragin' Cajuns,-16.60,-10,6.60
86,Oregon Ducks,35,0,Purdue Boilermakers,41.58,35,6.58
87,Alcorn State,0,55,Vanderbilt Commodores,-61.56,-55,6.56
88,Bethune Cookman,31,59,Western Michigan Broncos,-34.54,-28,6.54
89,UTEP Miners,17,44,Western Kentucky Hilltoppers,-20.47,-27,6.53
90,Toledo Rockets,13,6,Northern Illinois Huskies,0.49,7,6.51
91,Utah Utes,14,17,Houston Cougars,3.48,-3,6.48
92,Kansas Jayhawks,17,23,Illinois Fighting Illini,0.45,-6,6.45
93,North Texas Mean Green,41,37,Florida Atlantic Owls,10.42,4,6.42
94,Wake Forest Demon Deacons,23,20,Connecticut Huskies,-3.39,3,6.39
95,Rice Owls,10,17,Connecticut Huskies,-13.36,-7,6.36
96,Troy Trojans,17,38,Memphis Tigers,-14.67,-21,6.33
97,Georgia Tech Yellow Jackets,6,21,Virginia Tech Hokies,-8.74,-15,6.26
98,Tennessee Tech Golden Eagles,3,48,Georgia Bulldogs,-51.26,-45,6.26
99,Army Black Knight,49,7,Tulsa Golden Hurricane,35.76,42,6.24
100,Washington Huskies,17,31,Indiana Hoosiers,-20.23,-14,6.23
101,Florida A&M,12,34,Troy Trojans,-15.79,-22,6.21
102,Vanderbilt Commodores,20,13,Kentucky Wildcats,0.79,7,6.21
103,Wagner,7,35,UMass Minutemen,-21.81,-28,6.19
104,James Madison,30,7,Charlotte,16.85,23,6.15
105,Charlotte,21,20,Rice Owls,7.13,1,6.13
106,Texas Tech Red Raiders,34,35,TCU Horned Frogs,5.12,-1,6.12
107,Coastal Carolina Chanticleers,28,20,Temple Owls,14.11,8,6.11
108,Arkansas Razorbacks,24,14,Auburn Tigers,3.90,10,6.10
109,Florida Gators,17,23,Tennessee Volunteers,-12.09,-6,6.09
110,Tennessee Tech Golden Eagles,25,32,Middle Tennessee St. Blue Raiders,-0.92,-7,6.08
111,Florida A&M,9,56,Miami Hurricanes,-53.07,-47,6.07
112,Minnesota Golden Gophers,21,17,UCLA Bruins,10.06,4,6.06
113,Michigan State Spartans,27,24,Maryland Terrapins,-3.03,3,6.03
114,Missouri Tigers,45,3,UMass Minutemen,36.02,42,5.98
115,Rutgers Scarlet Knights,20,42,USC Trojans,-16.03,-22,5.97
116,Maryland Terrapins,28,42,Indiana Hoosiers,-19.95,-14,5.95
117,Virginia Tech Hokies,34,38,Miami Hurricanes,-9.95,-4,5.95
118,Arkansas Razorbacks,17,21,Texas A&M Aggies,-9.94,-4,5.94
119,Army Black Knight,24,7,Florida Atlantic Owls,22.92,17,5.92
120,Wagner,10,41,Florida Atlantic Owls,-36.77,-31,5.77
121,Western Kentucky Hilltoppers,20,21,Boston College Eagles,-6.69,-1,5.69
122,Georgia Southern,38,21,Georgia State Panthers,11.36,17,5.64
123,Gardner-Webb,26,27,Charlotte,4.60,-1,5.60
124,TCU Horned Frogs,13,7,Utah Utes,0.44,6,5.56
125,Nevada Wolf Pack,0,27,Minnesota Golden Gophers,-21.46,-27,5.54
126,Michigan State Spartans,19,23,Boston College Eagles,1.45,-4,5.45
127,Purdue Boilermakers,21,38,Oregon State Beavers,-11.56,-17,5.44
128,Arkansas State Red Wolves,44,28,Southern Miss Golden Eagles,10.58,16,5.42
129,Gardner-Webb,6,13,James Madison,-12.24,-7,5.24
130,Tulane Green Wave,45,37,North Texas Mean Green,13.19,8,5.19
131,Washington State Cougars,24,19,Washington Huskies,-0.18,5,5.18
132,Navy Midshipmen,41,18,UAB Blazers,28.17,23,5.17
133,Kennesaw State,5,14,Middle Tennessee St. Blue Raiders,-3.88,-9,5.12
134,Nevada Wolf Pack,31,35,San Jose State Spartans,1.02,-4,5.02
135,Arizona State Sun Devils,14,24,Cincinnati Bearcats,-4.99,-10,5.01
136,Air Force Falcons,19,31,Wyoming Cowboys,-6.99,-12,5.01
137,Oregon Ducks,49,14,Oregon State Beavers,30.02,35,4.98
138,Wake Forest Demon Deacons,34,30,NC State Wolfpack,-0.97,4,4.97
139,Boise State Broncos,34,37,Oregon Ducks,-7.95,-3,4.95
140,Memphis Tigers,20,12,Florida State Seminoles,3.14,8,4.86
141,Utah State Aggies,27,25,Wyoming Cowboys,-2.83,2,4.83
142,Vanderbilt Commodores,27,30,Missouri Tigers,1.80,-3,4.80
143,Charlotte,28,33,Memphis Tigers,-9.79,-5,4.79
144,Virginia Cavaliers,31,30,Wake Forest Demon Deacons,5.73,1,4.73
145,Notre Dame Fighting Irish,23,13,Texas A&M Aggies,5.29,10,4.71
146,Ohio State Buckeyes,38,7,Michigan State Spartans,26.29,31,4.71
147,Troy Trojans,9,25,South Alabama,-11.33,-16,4.67
148,Utah Utes,38,21,Utah State Aggies,21.66,17,4.66
149,Navy Midshipmen,34,7,Air Force Falcons,31.63,27,4.63
150,Colorado State Rams,21,13,Air Force Falcons,12.52,8,4.52
151,East Carolina Pirates,28,45,Army Black Knight,-21.49,-17,4.49
152,Louisville Cardinals,24,31,Notre Dame Fighting Irish,-11.47,-7,4.47
153,Central Michigan Chippewas,9,30,Illinois Fighting Illini,-25.42,-21,4.42
154,New Mexico State Aggies,11,31,Sam Houston State,-24.40,-20,4.40
155,Georgia State Panthers,20,35,Marshall Thundering Herd,-10.71,-15,4.29
156,Iowa State Cyclones,20,19,Iowa Hawkeyes,5.26,1,4.26
157,New Mexico Lobos,6,17,Colorado State Rams,-6.74,-11,4.26
158,San Jose State Spartans,17,7,Air Force Falcons,14.24,10,4.24
159,Ohio Bobcats,20,30,Miami RedHawks,-5.77,-10,4.23
160,Merrimack Warriors,17,63,Connecticut Huskies,-41.80,-46,4.20
161,CS Sacramento,24,42,San Jose State Spartans,-13.81,-18,4.19
162,Northern Illinois Huskies,17,24,NC State Wolfpack,-2.81,-7,4.19
163,UCF Knights,35,34,TCU Horned Frogs,5.18,1,4.18
164,Michigan State Spartans,17,24,Michigan Wolverines,-2.82,-7,4.18
165,Miami RedHawks,6,13,Northwestern Wildcats,-2.83,-7,4.17
166,Oklahoma State Cowboys,28,38,Baylor Bears,-5.85,-10,4.15
167,New Mexico Lobos,39,61,Arizona Wildcats,-17.85,-22,4.15
168,Air Force Falcons,3,31,Baylor Bears,-32.12,-28,4.12
169,Florida State Seminoles,21,24,Georgia Tech Yellow Jackets,-7.07,-3,4.07
170,UTEP Miners,10,14,Louisiana Tech Bulldogs,-8.07,-4,4.07
171,Duquesne D.,0,56,Boston College Eagles,-51.96,-56,4.04
172,Indiana Hoosiers,42,13,UCLA Bruins,25.00,29,4.00
173,Northern Illinois Huskies,16,14,Notre Dame Fighting Irish,-32.95,2,34.95
174,North Texas Mean Green,21,66,Texas Tech Red Raiders,-10.15,-45,34.85
175,Connecticut Huskies,7,50,Maryland Terrapins,-8.74,-43,34.26
176,Northwestern Wildcats,37,10,Maryland Terrapins,-5.88,27,32.88
177,Fresno State Bulldogs,14,59,UNLV Rebels,-14.72,-45,30.28
178,Duquesne D.,10,49,Toledo Rockets,-42.96,-39,3.96
179,Georgia Southern,20,17,Nevada Wolf Pack,6.94,3,3.94
180,Louisiana Tech Bulldogs,3,9,Sam Houston State,-9.94,-6,3.94
181,Texas State Bobcats,38,17,Troy Trojans,17.08,21,3.92
182,Brigham Young Cougars,34,28,Baylor Bears,9.91,6,3.91
183,UTSA,20,30,East Carolina Pirates,-6.14,-10,3.86
184,Troy Trojans,31,34,Arkansas State Red Wolves,0.84,-3,3.84
185,Kansas Jayhawks,28,32,West Virginia Mountaineers,-0.17,-4,3.83
186,Merrimack Warriors,6,21,Air Force Falcons,-18.83,-15,3.83
187,Utah State Aggies,30,62,Boise State Broncos,-35.81,-32,3.81
188,CS Sacramento,30,46,Fresno State Bulldogs,-19.80,-16,3.80
189,Florida State Seminoles,14,36,Miami Hurricanes,-25.76,-22,3.76
190,UAB Blazers,10,44,Army Black Knight,-30.26,-34,3.74
191,LSU Tigers,36,33,South Carolina Gamecocks,-0.74,3,3.74
192,Akron Zips,6,52,Ohio State Buckeyes,-49.73,-46,3.73
193,Auburn Tigers,17,21,Missouri Tigers,-0.29,-4,3.71
194,Arizona Wildcats,19,41,Brigham Young Cougars,-18.40,-22,3.60
195,Cincinnati Bearcats,27,16,Miami RedHawks,14.60,11,3.60
196,Southeastern Louisiana,10,35,Southern Miss Golden Eagles,-21.41,-25,3.59
197,Tulane Green Wave,41,33,Louisiana-Lafayette Ragin' Cajuns,11.54,8,3.54
198,Louisiana-Lafayette Ragin' Cajuns,34,10,Kennesaw State,27.54,24,3.54
199,Pittsburgh Panthers,34,24,North Carolina Tar Heels,6.49,10,3.51
200,Utah Utes,22,19,Oklahoma State Cowboys,-0.47,3,3.47
201,Ole Miss Rebles,40,6,Wake Forest Demon Deacons,30.59,34,3.41
202,TCU Horned Frogs,34,27,Stanford Cardinal,10.40,7,3.40
203,Georgia State Panthers,12,35,Georgia Tech Yellow Jackets,-19.61,-23,3.39
204,Portland State,30,70,Washington State Cougars,-36.61,-40,3.39
205,Charlotte,20,38,North Carolina Tar Heels,-14.61,-18,3.39
206,Southeastern Louisiana,0,52,Tulane Green Wave,-55.38,-52,3.38
207,New Mexico Lobos,50,45,Utah State Aggies,1.63,5,3.37
208,Portland State,14,56,Boise State Broncos,-45.32,-42,3.32
209,Boise State Broncos,28,7,Hawaii Warriors,24.27,21,3.27
210,Georgia Tech Yellow Jackets,19,31,Louisville Cardinals,-8.77,-12,3.23
211,West Virginia Mountaineers,34,38,Pittsburgh Panthers,-7.15,-4,3.15
212,Cal Golden Bears,21,14,Auburn Tigers,3.85,7,3.15
213,Charlotte,14,52,Indiana Hoosiers,-34.92,-38,3.08
214,Washington State Cougars,25,17,Fresno State Bulldogs,11.02,8,3.02
215,Western Kentucky Hilltoppers,0,63,Alabama Crimson Tide,-34.39,-63,28.61
216,Nebraska Cornhuskers,7,56,Indiana Hoosiers,-20.53,-49,28.47
217,Toledo Rockets,41,17,Mississippi State Bulldogs,-4.40,24,28.40
218,Buffalo Bulls,3,47,Connecticut Huskies,-16.31,-44,27.69
219,Central Michigan Chippewas,16,52,FIU Golden Panthers,-8.42,-36,27.58
220,Kansas State Wildcats,9,38,Brigham Young Cougars,-1.63,-29,27.37
221,Coastal Carolina Chanticleers,55,27,Jacksonville State,0.76,28,27.24
222,Vanderbilt Commodores,32,36,Georgia State Panthers,22.81,-4,26.81
223,Toledo Rockets,15,30,Buffalo Bulls,11.57,-15,26.57
224,Colorado Buffaloes,10,28,Nebraska Cornhuskers,8.49,-18,26.49
225,East Carolina Pirates,24,55,Charlotte,-4.51,-31,26.49
226,Alabama Crimson Tide,35,40,Vanderbilt Commodores,21.27,-5,26.27
227,James Madison,14,28,Georgia Southern,11.38,-14,25.38
228,Ball State Cardinals,7,63,James Madison,-31.63,-56,24.37
229,UMass Minutemen,20,23,Miami RedHawks,-27.17,-3,24.17
230,Georgia Southern,19,47,Old Dominion,-4.32,-28,23.68
231,Wisconsin Badgers,42,7,Rutgers Scarlet Knights,11.48,35,23.52
232,Clemson Tigers,3,34,Georgia Bulldogs,-7.74,-31,23.26
233,Baylor Bears,59,35,Texas Tech Red Raiders,0.76,24,23.24
234,Iowa Hawkeyes,20,32,Michigan State Spartans,10.80,-12,22.80
235,Purdue Boilermakers,49,50,Illinois Fighting Illini,-23.74,-1,22.74
236,Tennessee Volunteers,14,19,Arkansas Razorbacks,17.68,-5,22.68
237,Louisiana-Monroe Warhawks,17,46,South Alabama,-6.92,-29,22.08
238,FIU Golden Panthers,21,30,UTEP Miners,13.02,-9,22.02
239,UAB Blazers,27,37,Arkansas Razorbacks,-32.00,-10,22.00
240,Florida Atlantic Owls,14,48,Connecticut Huskies,-12.17,-34,21.83
241,Central Connecticut State,10,66,Central Michigan Chippewas,-34.22,-56,21.78
242,Ball State Cardinals,14,24,Vanderbilt Commodores,-31.70,-10,21.70
243,New Mexico State Aggies,0,48,Fresno State Bulldogs,-26.57,-48,21.43
244,Central Connecticut State,31,35,UMass Minutemen,-25.40,-4,21.40
245,Texas Tech Red Raiders,16,37,Washington State Cougars,0.12,-21,21.12
246,North Carolina Tar Heels,41,14,Virginia Cavaliers,6.04,27,20.96
247,Central Michigan Chippewas,7,46,Miami RedHawks,-18.35,-39,20.65
248,Nevada Wolf Pack,13,34,Hawaii Warriors,-0.44,-21,20.56
249,Buffalo Bulls,16,47,Ohio Bobcats,-10.58,-31,20.42
250,Kentucky Wildcats,20,17,Ole Miss Rebles,-17.31,3,20.31
251,East Carolina Pirates,20,14,Old Dominion,-14.28,6,20.28
252,FIU Golden Panthers,20,38,Florida Atlantic Owls,2.28,-18,20.28
253,UMass Minutemen,3,34,Buffalo Bulls,-10.82,-31,20.18
254,Arkansas Razorbacks,58,25,Mississippi State Bulldogs,12.84,33,20.16
255,Tulane Green Wave,71,20,UAB Blazers,30.95,51,20.05
256,Mississippi State Bulldogs,23,30,Arizona State Sun Devils,-9.98,-7,2.98
257,UTSA,7,56,Texas Longhorns,-46.06,-49,2.94
258,Miami Hurricanes,52,45,Louisville Cardinals,9.92,7,2.92
259,Akron Zips,24,34,Western Michigan Broncos,-7.10,-10,2.90
260,Kent State Golden Flashes,0,56,Penn State Nittany Lions,-53.14,-56,2.86
261,Wyoming Cowboys,14,24,San Jose State Spartans,-7.25,-10,2.75
262,NC State Wolfpack,35,59,Clemson Tigers,-21.28,-24,2.72
263,North Carolina Tar Heels,20,21,Duke Blue Devils,1.71,-1,2.71
264,UAB Blazers,25,35,South Florida Bulls,-12.70,-10,2.70
265,Toledo Rockets,21,26,Western Kentucky Hilltoppers,-2.30,-5,2.70
266,North Texas Mean Green,44,52,Memphis Tigers,-5.30,-8,2.70
267,Miami RedHawks,3,28,Notre Dame Fighting Irish,-27.69,-25,2.69
268,Akron Zips,7,50,South Carolina Gamecocks,-40.36,-43,2.64
269,Colorado State Rams,31,39,Oregon State Beavers,-5.37,-8,2.63
270,Fresno State Bulldogs,38,21,New Mexico Lobos,14.44,17,2.56
271,Tulsa Golden Hurricane,10,20,Temple Owls,-7.46,-10,2.54
272,UTEP Miners,17,27,Colorado State Rams,-12.47,-10,2.47
273,Middle Tennessee St. Blue Raiders,20,42,Jacksonville State,-19.55,-22,2.45
274,Clemson Tigers,29,13,Florida State Seminoles,18.45,16,2.45
275,Louisiana Tech Bulldogs,20,30,NC State Wolfpack,-12.43,-10,2.43
276,Duke Blue Devils,45,17,Middle Tennessee St. Blue Raiders,30.41,28,2.41
277,Iowa State Cyclones,20,0,Houston Cougars,22.40,20,2.40
278,Brigham Young Cougars,37,24,UCF Knights,10.61,13,2.39
279,San Diego State Aztecs,10,31,Cal Golden Bears,-23.36,-21,2.36
280,UCLA Bruins,35,32,Rutgers Scarlet Knights,0.65,3,2.35
281,Notre Dame Fighting Irish,31,13,Georgia Tech Yellow Jackets,20.24,18,2.24
282,Kansas State Wildcats,31,28,Colorado Buffaloes,0.79,3,2.21
283,Western Michigan Broncos,20,27,Marshall Thundering Herd,-9.21,-7,2.21
284,Duke Blue Devils,26,20,Northwestern Wildcats,3.80,6,2.20
285,UCLA Bruins,11,27,Penn State Nittany Lions,-18.19,-16,2.19
286,New Mexico Lobos,50,40,New Mexico State Aggies,12.13,10,2.13
287,Kennesaw State,10,31,San Jose State Spartans,-18.90,-21,2.10
288,San Diego State Aztecs,27,24,Wyoming Cowboys,5.07,3,2.07
289,West Virginia Mountaineers,31,26,Arizona Wildcats,7.06,5,2.06
290,Oklahoma Sooners,14,26,Ole Miss Rebles,-14.06,-12,2.06
291,Louisiana Tech Bulldogs,10,17,FIU Golden Panthers,-4.95,-7,2.05
292,Iowa State Cyclones,28,16,West Virginia Mountaineers,14.04,12,2.04
293,Miami Hurricanes,50,15,South Florida Bulls,32.98,35,2.02
294,Maryland Terrapins,23,48,Minnesota Golden Gophers,-5.01,-25,19.99
295,Nebraska Cornhuskers,17,21,Ohio State Buckeyes,-23.84,-4,19.84
296,Kentucky Wildcats,20,48,Florida Gators,-8.19,-28,19.81
297,Houston Cougars,14,42,Kansas Jayhawks,-8.19,-28,19.81
298,West Virginia Mountaineers,38,14,Oklahoma State Cowboys,4.42,24,19.58
299,Oregon State Beavers,7,44,Cal Golden Bears,-17.53,-37,19.47
300,Ole Miss Rebles,27,3,South Carolina Gamecocks,4.58,24,19.42
301,Ohio Bobcats,6,41,Kentucky Wildcats,-15.63,-35,19.37
302,James Madison,19,21,Louisiana-Monroe Warhawks,17.32,-2,19.32
303,Charlotte,17,51,Navy Midshipmen,-14.90,-34,19.10
304,Liberty Flames,24,27,Kennesaw State,15.84,-3,18.84
305,Colorado Buffaloes,48,21,UCF Knights,8.19,27,18.81
306,Houston Cougars,0,34,Cincinnati Bearcats,-15.27,-34,18.73
307,Florida Atlantic Owls,24,38,UTSA,4.71,-14,18.71
308,Southern Miss Golden Eagles,7,44,Jacksonville State,-18.33,-37,18.67
309,SMU Mustangs,29,24,Nevada Wolf Pack,23.52,5,18.52
310,Middle Tennessee St. Blue Raiders,21,48,Louisiana Tech Bulldogs,-8.90,-27,18.10
311,Coastal Carolina Chanticleers,7,39,James Madison,-14.04,-32,17.96
312,Notre Dame Fighting Irish,51,14,Navy Midshipmen,19.06,37,17.94
313,Northern Illinois Huskies,23,25,Ball State Cardinals,15.79,-2,17.79
314,James Madison,70,50,North Carolina Tar Heels,2.23,20,17.77
315,Sam Houston State,14,45,UCF Knights,-13.36,-31,17.64
316,Georgia Bulldogs,30,15,Texas Longhorns,-2.59,15,17.59
317,Louisiana Tech Bulldogs,30,33,New Mexico State Aggies,14.47,-3,17.47
318,Missouri Tigers,10,41,Texas A&M Aggies,-13.55,-31,17.45
319,Temple Owls,3,51,Oklahoma Sooners,-30.68,-48,17.32
320,Baylor Bears,12,23,Utah Utes,6.31,-11,17.31
321,Kansas State Wildcats,45,18,West Virginia Mountaineers,9.72,27,17.28
322,Arkansas Razorbacks,31,39,Oklahoma State Cowboys,9.19,-8,17.19
323,South Alabama,48,14,Appalachian State,16.91,34,17.09
324,Cal Golden Bears,9,14,Florida State Seminoles,12.04,-5,17.04
325,San Jose State Spartans,10,33,Fresno State Bulldogs,-5.99,-23,17.01
326,Mississippi State Bulldogs,31,41,Georgia Bulldogs,-26.94,-10,16.94
327,South Florida Bulls,10,45,Tulane Green Wave,-18.26,-35,16.74
328,South Carolina Gamecocks,35,9,Oklahoma Sooners,9.49,26,16.51
329,Hawaii Warriors,10,42,Washington State Cougars,-15.55,-32,16.45
330,Rutgers Scarlet Knights,26,23,Virginia Tech Hokies,-13.18,3,16.18
331,Washington State Cougars,29,26,San Diego State Aztecs,19.18,3,16.18
332,UTSA,10,49,Texas State Bobcats,-22.84,-39,16.16
333,Southern Miss Golden Eagles,15,32,James Madison,-33.13,-17,16.13
334,Syracuse Orange,13,41,Pittsburgh Panthers,-11.89,-28,16.11
335,Northern Illinois Huskies,17,7,Bowling Green Falcons,-6.06,10,16.06
336,North Texas Mean Green,52,38,South Alabama,-1.97,14,15.97
337,Washington Huskies,16,40,Iowa Hawkeyes,-8.05,-24,15.95
338,Miami Hurricanes,41,17,Florida Gators,8.08,24,15.92
339,New Mexico State Aggies,13,54,Jacksonville State,-25.12,-41,15.88
340,NC State Wolfpack,24,23,Cal Golden Bears,-14.86,1,15.86
341,Georgia Bulldogs,13,12,Kentucky Wildcats,16.70,1,15.70
342,Hawaii Warriors,13,31,Sam Houston State,-2.37,-18,15.63
343,Bowling Green Falcons,20,26,Texas A&M Aggies,-21.60,-6,15.60
344,Jacksonville State,63,24,Kennesaw State,23.44,39,15.56
345,Texas Longhorns,27,24,Vanderbilt Commodores,18.50,3,15.50
346,Michigan Wolverines,7,21,Illinois Fighting Illini,1.42,-14,15.42
347,Wyoming Cowboys,7,48,Arizona State Sun Devils,-25.62,-41,15.38
348,Auburn Tigers,24,10,Kentucky Wildcats,-1.29,14,15.29
349,TCU Horned Frogs,38,27,Kansas Jayhawks,-4.27,11,15.27
350,Temple Owls,34,56,East Carolina Pirates,-6.80,-22,15.20
351,Arizona Wildcats,23,10,Utah Utes,-2.17,13,15.17
352,Oregon State Beavers,21,0,San Diego State Aztecs,5.83,21,15.17
353,Kent State Golden Flashes,24,55,Pittsburgh Panthers,-46.13,-31,15.13
354,Old Dominion,19,23,South Carolina Gamecocks,-19.08,-4,15.08
355,Brigham Young Cougars,34,14,Wyoming Cowboys,35.05,20,15.05
356,San Jose State Spartans,52,54,Washington State Cougars,-17.01,-2,15.01
357,Old Dominion,37,45,Coastal Carolina Chanticleers,6.97,-8,14.97
358,Texas Longhorns,34,3,Oklahoma Sooners,16.04,31,14.96
359,Houston Cougars,30,19,TCU Horned Frogs,-3.92,11,14.92
360,Purdue Boilermakers,6,52,Wisconsin Badgers,-31.16,-46,14.84
361,Ball State Cardinals,0,62,Miami Hurricanes,-47.18,-62,14.82
362,UNLV Rebels,50,34,Utah State Aggies,30.79,16,14.79
363,Miami RedHawks,20,30,Toledo Rockets,4.77,-10,14.77
364,Utah State Aggies,29,45,Temple Owls,-1.27,-16,14.73
365,Notre Dame Fighting Irish,66,7,Purdue Boilermakers,44.36,59,14.64
366,LSU Tigers,34,10,Arkansas Razorbacks,9.38,24,14.62
367,FIU Golden Panthers,7,31,Indiana Hoosiers,-38.58,-24,14.58
368,Jacksonville State,14,49,Louisville Cardinals,-20.44,-35,14.56
369,Alabama Crimson Tide,42,10,Wisconsin Badgers,17.44,32,14.56
370,Western Kentucky Hilltoppers,31,14,Sam Houston State,2.47,17,14.53
371,LSU Tigers,23,38,Texas A&M Aggies,-0.55,-15,14.45
372,Iowa Hawkeyes,31,14,Minnesota Golden Gophers,2.76,17,14.24
373,South Alabama,16,18,Arkansas State Red Wolves,12.17,-2,14.17
374,Arkansas State Red Wolves,9,41,Texas State Bobcats,-17.91,-32,14.09
375,Buffalo Bulls,23,20,Northern Illinois Huskies,-11.08,3,14.08
376,Bowling Green Falcons,27,34,Penn State Nittany Lions,-21.05,-7,14.05
377,USC Trojans,24,27,Michigan Wolverines,10.55,-3,13.55
378,Idaho Vandals,14,24,Oregon Ducks,-23.47,-10,13.47
379,Idaho Vandals,17,13,Wyoming Cowboys,17.45,4,13.45
380,Northwestern Wildcats,5,24,Washington Huskies,-5.60,-19,13.40
381,Western Michigan Broncos,0,56,Ohio State Buckeyes,-42.64,-56,13.36
382,Tulane Green Wave,19,34,Oklahoma Sooners,-1.70,-15,13.30
383,Rice Owls,7,33,Houston Cougars,-12.72,-26,13.28
384,Virginia Cavaliers,43,24,Coastal Carolina Chanticleers,5.77,19,13.23
385,UAB Blazers,6,32,Louisiana-Monroe Warhawks,-12.80,-26,13.20
386,Southern Utah,0,49,Utah Utes,-35.82,-49,13.18
387,Tulsa Golden Hurricane,23,20,Louisiana Tech Bulldogs,-10.16,3,13.16
388,Southern Utah,27,24,UTEP Miners,-10.07,3,13.07
389,South Alabama,20,27,Ohio Bobcats,5.95,-7,12.95
390,Buffalo Bulls,0,38,Missouri Tigers,-25.20,-38,12.80
391,Wyoming Cowboys,17,44,North Texas Mean Green,-14.23,-27,12.77
392,Texas A&M Aggies,34,24,Mississippi State Bulldogs,22.77,10,12.77
393,South Florida Bulls,16,42,Alabama Crimson Tide,-38.76,-26,12.76
394,Oklahoma State Cowboys,35,38,Brigham Young Cougars,-15.76,-3,12.76
395,Clemson Tigers,49,14,Wake Forest Demon Deacons,22.25,35,12.75
396,Miami Hurricanes,39,38,Cal Golden Bears,13.72,1,12.72
397,Virginia Tech Hokies,27,34,Vanderbilt Commodores,5.54,-7,12.54
398,Iowa Hawkeyes,7,35,Ohio State Buckeyes,-15.49,-28,12.51
399,Wisconsin Badgers,21,38,USC Trojans,-4.55,-17,12.45
400,Louisiana-Lafayette Ragin' Cajuns,23,13,Southern Miss Golden Eagles,22.43,10,12.43
401,Texas State Bobcats,14,24,Old Dominion,2.42,-10,12.42
402,Colorado State Rams,0,52,Texas Longhorns,-39.63,-52,12.37
403,Northwestern Wildcats,14,40,Iowa Hawkeyes,-13.64,-26,12.36
404,USC Trojans,17,24,Minnesota Golden Gophers,5.32,-7,12.32
405,Washington State Cougars,24,45,Boise State Broncos,-8.71,-21,12.29
406,South Carolina Gamecocks,31,6,Kentucky Wildcats,12.73,25,12.27
407,Louisiana-Monroe Warhawks,3,51,Texas Longhorns,-35.89,-48,12.11
408,Stanford Cardinal,26,24,Syracuse Orange,-10.10,2,12.10
409,Louisiana-Lafayette Ragin' Cajuns,23,17,Texas State Bobcats,-6.06,6,12.06
410,East Carolina Pirates,24,35,Liberty Flames,1.05,-11,12.05
411,Syracuse Orange,44,41,UNLV Rebels,-9.00,3,12.00
412,Boston College Eagles,14,24,Virginia Cavaliers,1.91,-10,11.91
413,Florida Atlantic Owls,10,16,Michigan State Spartans,-17.88,-6,11.88
414,Texas State Bobcats,39,40,Sam Houston State,10.87,-1,11.87
415,St. Francis (PA),0,36,Eastern Michigan Eagles,-24.39,-36,11.61
416,Bowling Green Falcons,27,20,Akron Zips,18.57,7,11.57
417,St. Francis (PA),23,17,Kent State Golden Flashes,-5.57,6,11.57
418,Georgia State Panthers,26,33,Appalachian State,4.56,-7,11.56
419,Sam Houston State,34,14,Rice Owls,8.45,20,11.55
420,Miami RedHawks,38,14,Eastern Michigan Eagles,12.47,24,11.53
421,Liberty Flames,30,24,New Mexico State Aggies,17.52,6,11.52
422,TCU Horned Frogs,42,66,SMU Mustangs,-12.53,-24,11.47
423,USC Trojans,28,29,Maryland Terrapins,10.33,-1,11.33
424,Arkansas State Red Wolves,7,52,Iowa State Cyclones,-33.71,-45,11.29
425,Jacksonville State,34,37,Eastern Michigan Eagles,8.25,-3,11.25
426,Akron Zips,17,49,Rutgers Scarlet Knights,-20.77,-32,11.23
427,Illinois Fighting Illini,9,38,Oregon Ducks,-17.83,-29,11.17
428,Western Michigan Broncos,14,28,Wisconsin Badgers,-25.16,-14,11.16
429,Boston College Eagles,28,13,Florida State Seminoles,3.84,15,11.16
430,Kent State Golden Flashes,6,27,Bowling Green Falcons,-32.09,-21,11.09
431,Georgia Southern,13,52,Ole Miss Rebles,-27.98,-39,11.02
432,Colorado Buffaloes,34,7,Arizona Wildcats,15.98,27,11.02
433,Nicholls State,17,25,Louisiana Tech Bulldogs,2.98,-8,10.98
434,Missouri Tigers,0,34,Alabama Crimson Tide,-23.07,-34,10.93
435,Rice Owls,10,24,Tulane Green Wave,-24.80,-14,10.80
436,Nicholls State,21,44,LSU Tigers,-33.74,-23,10.74
437,Troy Trojans,21,38,Iowa Hawkeyes,-27.62,-17,10.62
438,Florida State Seminoles,16,42,SMU Mustangs,-15.39,-26,10.61
439,Ohio Bobcats,27,25,Central Michigan Chippewas,12.58,2,10.58
440,Arkansas State Red Wolves,18,28,Michigan Wolverines,-20.47,-10,10.47
441,Appalachian State,20,66,Clemson Tigers,-35.55,-46,10.45
442,Chattanooga,21,24,Georgia State Panthers,-13.39,-3,10.39
443,Kent State Golden Flashes,21,52,Western Michigan Broncos,-20.62,-31,10.38
444,South Alabama,10,42,LSU Tigers,-21.66,-32,10.34
445,Chattanooga,3,69,Tennessee Volunteers,-55.69,-66,10.31
446,Middle Tennessee St. Blue Raiders,7,24,Memphis Tigers,-27.30,-17,10.30
447,UCF Knights,35,38,Iowa State Cyclones,-13.30,-3,10.30
448,Utah State Aggies,0,48,USC Trojans,-37.88,-48,10.12
449,Michigan Wolverines,17,27,Washington Huskies,0.06,-10,10.06
450,Sam Houston State,10,7,FIU Golden Panthers,4.99,3,1.99
451,Sam Houston State,41,21,UTEP Miners,18.01,20,1.99
452,Fresno State Bulldogs,24,21,Nevada Wolf Pack,4.97,3,1.97
453,Middle Tennessee St. Blue Raiders,3,52,Ole Miss Rebles,-50.95,-49,1.95
454,UTEP Miners,7,40,Nebraska Cornhuskers,-31.07,-33,1.93
455,Kansas Jayhawks,31,35,Arizona State Sun Devils,-2.09,-4,1.91
456,Central Michigan Chippewas,34,38,Eastern Michigan Eagles,-5.88,-4,1.88
457,Rutgers Scarlet Knights,7,14,Nebraska Cornhuskers,-5.12,-7,1.88
458,Michigan State Spartans,10,31,Oregon Ducks,-19.23,-21,1.77
459,Texas Tech Red Raiders,28,22,Arizona Wildcats,7.73,6,1.73
460,Connecticut Huskies,21,26,Duke Blue Devils,-6.66,-5,1.66
461,Texas Longhorns,31,12,Michigan Wolverines,20.66,19,1.66
462,Georgia Bulldogs,34,41,Alabama Crimson Tide,-5.36,-7,1.64
463,Syracuse Orange,24,17,NC State Wolfpack,5.39,7,1.61
464,New Mexico State Aggies,13,34,FIU Golden Panthers,-19.42,-21,1.58
465,Marshall Thundering Herd,14,49,Ohio State Buckeyes,-33.42,-35,1.58
466,UTSA,27,29,Rice Owls,-3.52,-2,1.52
467,Oklahoma Sooners,27,21,Auburn Tigers,4.54,6,1.46
468,UNLV Rebels,23,20,Kansas Jayhawks,4.43,3,1.43
469,Florida Gators,45,28,Mississippi State Bulldogs,18.42,17,1.42
470,Southern Miss Golden Eagles,0,31,Kentucky Wildcats,-32.42,-31,1.42
471,Nevada Wolf Pack,28,26,Troy Trojans,3.40,2,1.40
472,Boston College Eagles,21,27,Missouri Tigers,-4.63,-6,1.37
473,UCF Knights,13,24,Florida Gators,-9.63,-11,1.37
474,Western Michigan Broncos,48,41,Buffalo Bulls,5.67,7,1.33
475,Kennesaw State,16,28,UTSA,-10.75,-12,1.25
476,Utah Utes,19,27,Arizona State Sun Devils,-6.80,-8,1.20
477,UCLA Bruins,17,34,LSU Tigers,-18.19,-17,1.19
478,Southern Miss Golden Eagles,21,38,Louisiana-Monroe Warhawks,-15.82,-17,1.18
479,Rice Owls,14,37,Army Black Knight,-24.11,-23,1.11
480,Kansas State Wildcats,34,27,Tulane Green Wave,6.00,7,1.00
481,Temple Owls,11,38,Navy Midshipmen,-26.21,-27,0.79
482,Illinois Fighting Illini,7,21,Penn State Nittany Lions,-14.78,-14,0.78
483,Pittsburgh Panthers,28,27,Cincinnati Bearcats,0.23,1,0.77
484,Florida State Seminoles,16,23,Duke Blue Devils,-6.25,-7,0.75
485,Wake Forest Demon Deacons,27,24,Stanford Cardinal,3.74,3,0.74
486,Western Illinois,3,77,Indiana Hoosiers,-73.28,-74,0.72
487,Eastern Michigan Eagles,28,14,UMass Minutemen,14.70,14,0.70
488,Arizona State Sun Devils,31,28,Texas State Bobcats,3.68,3,0.68
489,Campbell Univ.,24,41,Liberty Flames,-16.33,-17,0.67
490,Virginia Tech Hokies,31,7,Stanford Cardinal,23.34,24,0.66
491,Marshall Thundering Herd,14,31,Virginia Tech Hokies,-17.64,-17,0.64
492,Baylor Bears,31,38,Colorado Buffaloes,-7.49,-7,0.49
493,Virginia Cavaliers,31,48,Clemson Tigers,-16.52,-17,0.48
494,UT Martin Skyhawks,6,41,Kansas State Wildcats,-34.54,-35,0.46
495,UT Martin Skyhawks,24,13,Kennesaw State,10.54,11,0.46
496,Cal Golden Bears,15,17,Pittsburgh Panthers,-2.42,-2,0.42
497,Louisiana-Monroe Warhawks,13,9,Troy Trojans,4.41,4,0.41
498,Lehigh Mountain Hawks,7,42,Army Black Knight,-34.60,-35,0.40
499,Western Illinois,15,54,Northern Illinois Huskies,-39.37,-39,0.37
500,Albany,14,49,West Virginia Mountaineers,-35.35,-35,0.35
501,Marshall Thundering Herd,23,24,Georgia Southern,-0.65,-1,0.35
502,Monmouth Hawks,45,42,FIU Golden Panthers,3.35,3,0.35
503,Grambling State,10,40,Louisiana-Lafayette Ragin' Cajuns,-29.67,-30,0.33
504,South Dakota Coyotes,13,27,Wisconsin Badgers,-14.32,-14,0.32
505,Samford Bulldogs,7,45,Florida Gators,-38.32,-38,0.32
506,Army Black Knight,42,14,Temple Owls,28.30,28,0.30
507,Ball State Cardinals,34,37,Central Michigan Chippewas,-2.70,-3,0.30
508,Southeast Missouri St,16,23,New Mexico State Aggies,-6.70,-7,0.30
509,Louisiana-Lafayette Ragin' Cajuns,41,38,Wake Forest Demon Deacons,3.30,3,0.30
510,Norfolk State,3,42,East Carolina Pirates,-38.71,-39,0.29
511,Old Dominion,30,27,Bowling Green Falcons,2.71,3,0.29
512,Villanova Wildcats,20,38,Maryland Terrapins,-18.29,-18,0.29
513,North Carolina Central Eagles,10,45,North Carolina Tar Heels,-35.27,-35,0.27
514,Appalachian State,37,52,Marshall Thundering Herd,-15.26,-15,0.26
515,Brigham Young Cougars,18,15,SMU Mustangs,3.26,3,0.26
516,Oregon Ducks,34,13,UCLA Bruins,21.25,21,0.25
517,Arkansas-Pine B.,0,70,Arkansas Razorbacks,-70.25,-70,0.25
518,LIU Sharks,0,45,TCU Horned Frogs,-45.24,-45,0.24
519,Illinois State,0,40,Iowa Hawkeyes,-40.23,-40,0.23
520,Tarleton State,3,45,Baylor Bears,-42.23,-42,0.23
521,New Hampshire,3,57,UCF Knights,-54.23,-54,0.23
522,Austin Peay Governors,0,62,Louisville Cardinals,-62.22,-62,0.22
523,New Mexico Lobos,19,45,Auburn Tigers,-25.78,-26,0.22
524,North Alabama,0,40,Memphis Tigers,-39.79,-40,0.21
525,Towson Tigers,20,38,Cincinnati Bearcats,-18.21,-18,0.21
526,N. Carolina A&T,13,45,Wake Forest Demon Deacons,-32.19,-32,0.19
527,Holy Cross Crusaders,14,42,Syracuse Orange,-28.19,-28,0.19
528,Penn State Nittany Lions,33,30,USC Trojans,2.81,3,0.19
529,Weber State,3,35,Washington Huskies,-32.18,-32,0.18
530,Morgan State,6,21,Ohio Bobcats,-14.82,-15,0.18
531,Eastern Michigan Eagles,52,33,Kent State Golden Flashes,18.82,19,0.18
532,Southern Illinois,13,41,Brigham Young Cougars,-28.18,-28,0.18
533,Northern Arizona,10,22,Arizona Wildcats,-12.18,-12,0.18
534,Lindenwood Lions,3,48,Kansas Jayhawks,-45.17,-45,0.17
535,Cincinnati Bearcats,19,13,UCF Knights,6.17,6,0.17
536,McNeese,10,52,Texas A&M Aggies,-42.17,-42,0.17
537,Bucknell,21,49,Navy Midshipmen,-27.84,-28,0.16
538,Montana,35,31,New Mexico Lobos,4.15,4,0.15
539,Colgate R.,20,31,Akron Zips,-11.15,-11,0.15
540,Texas Southern,7,69,Rice Owls,-61.87,-62,0.13
541,North Dakota,3,21,Iowa State Cyclones,-18.13,-18,0.13
542,South Carolina State,14,42,Georgia Southern,-28.13,-28,0.13
543,South Dakota State,20,44,Oklahoma State Cowboys,-24.12,-24,0.12
544,Stephen F. Austin,20,35,North Texas Mean Green,-14.89,-15,0.11
545,UC Davis,13,31,Cal Golden Bears,-18.11,-18,0.11
546,Delaware State Hornets,14,35,Hawaii Warriors,-20.90,-21,0.10
547,Eastern Michigan Eagles,9,30,Washington Huskies,-20.90,-21,0.10
548,North Dakota State,26,31,Colorado Buffaloes,-5.10,-5,0.10
549,Northern Colorado,17,38,Colorado State Rams,-20.91,-21,0.09
550,Western Carolina Catamounts,21,38,NC State Wolfpack,-17.08,-17,0.08
551,Indiana State,0,49,Purdue Boilermakers,-49.08,-49,0.08
552,Cal Poly Mustangs,7,41,Stanford Cardinal,-34.08,-34,0.08
553,Missouri State,34,42,Ball State Cardinals,-8.08,-8,0.08
554,Abilene,51,52,Texas Tech Red Raiders,-1.08,-1,0.08
555,Lamar,27,34,Texas State Bobcats,-6.92,-7,0.08
556,Alabama A&M,3,73,Auburn Tigers,-70.07,-70,0.07
557,Richmond Spiders,13,34,Virginia Cavaliers,-20.94,-21,0.06
558,Fordham,17,41,Bowling Green Falcons,-24.06,-24,0.06
559,Prairie V.,0,40,Michigan State Spartans,-40.05,-40,0.05
560,Texas A&M Comm.,14,45,San Diego State Aztecs,-30.95,-31,0.05
561,Furman,0,76,Ole Miss Rebles,-75.95,-76,0.05
562,Central Arkansas,31,34,Arkansas State Red Wolves,-2.95,-3,0.05
563,Jackson State,14,30,Louisiana-Monroe Warhawks,-15.95,-16,0.05
564,Stony Brook,3,45,Marshall Thundering Herd,-41.95,-42,0.05
565,Elon Phoenix,3,26,Duke Blue Devils,-23.04,-23,0.04
566,Murray State Racers,0,51,Missouri Tigers,-51.04,-51,0.04
567,Rhode Island,0,48,Minnesota Golden Gophers,-48.04,-48,0.04
568,Utah Tech,14,72,UNLV Rebels,-58.03,-58,0.03
569,William & Mary Tribe,21,40,Coastal Carolina Chanticleers,-19.03,-19,0.03
570,Stanford Cardinal,14,40,Clemson Tigers,-25.98,-26,0.02
571,East Ten. State,10,38,Appalachian State,-28.02,-28,0.02
572,Youngstown State,17,73,Pittsburgh Panthers,-56.02,-56,0.02
573,Lafayette Leopards,13,30,Buffalo Bulls,-16.98,-17,0.02
574,Washington Eagles,16,49,Nevada Wolf Pack,-33.02,-33,0.02
575,Idaho State,15,38,Oregon State Beavers,-23.02,-23,0.02
576,VMI,7,59,Georgia Tech Yellow Jackets,-51.99,-52,0.01
577,Robert Morris,14,36,Utah State Aggies,-22.01,-22,0.01
578,Boise State Broncos,29,24,UNLV Rebels,5.01,5,0.01
579,Howard Bison,7,44,Rutgers Scarlet Knights,-37.00,-37,0.00
580,Auburn Tigers,13,31,Georgia Bulldogs,-18.00,-18,0.00
