game_id,datetime,date,time,time_str,home_name,home_abbrev,home_logo,home_record,home_rank,home_score,home_prob,visitor_name,visitor_abbrev,visitor_logo,visitor_record,visitor_rank,visitor_score,visitor_prob,overtime_prob
2024020161,2024-10-31T19:00:00,2024-10-31,19:00:00,7:00 PM,Toronto Maple Leafs,TOR,https://assets.nhle.com/logos/nhl/svg/TOR_dark.svg,5-4-1,11th,3.5147244685555923,0.5763204452408133,Seattle Kraken,SEA,https://assets.nhle.com/logos/nhl/svg/SEA_dark.svg,4-4-1,22nd,3.0858178166653034,0.4236795547591867,0.15650123816144307
2024020162,2024-10-31T19:00:00,2024-10-31,19:00:00,7:00 PM,Philadelphia Flyers,PHI,https://assets.nhle.com/logos/nhl/svg/PHI_dark.svg,2-6-1,31st,3.260238206493561,0.4597678851015297,St. Louis Blues,STL,https://assets.nhle.com/logos/nhl/svg/STL_dark.svg,5-4-0,15th,3.488545147631048,0.5402321148984703,0.15613654030846216
2024020163,2024-10-31T19:00:00,2024-10-31,19:00:00,7:00 PM,Pittsburgh Penguins,PIT,https://assets.nhle.com/logos/nhl/svg/PIT_dark.svg,3-6-1,29th,4.47867320456545,0.7270881338144688,Anaheim Ducks,ANA,https://assets.nhle.com/logos/nhl/svg/ANA_dark.svg,3-4-1,27th,3.014190821540989,0.2729118661855312,0.12971996982929831
2024020164,2024-10-31T19:00:00,2024-10-31,19:00:00,7:00 PM,Washington Capitals,WSH,https://assets.nhle.com/logos/nhl/svg/WSH_dark.svg,5-2-0,13th,4.158039240788668,0.6446401829260388,Montréal Canadiens,MTL,https://assets.nhle.com/logos/nhl/svg/MTL_dark.svg,4-4-1,20th,3.264949546264488,0.3553598170739612,0.14181172273895545
2024020165,2024-10-31T19:00:00,2024-10-31,19:00:00,7:00 PM,Carolina Hurricanes,CAR,https://assets.nhle.com/logos/nhl/svg/CAR_dark.svg,5-2-0,12th,3.3314490437290405,0.6519944621254804,Boston Bruins,BOS,https://assets.nhle.com/logos/nhl/svg/BOS_dark.svg,4-4-1,18th,2.523661626438827,0.3480055378745196,0.16043267265519143
2024020166,2024-10-31T20:00:00,2024-10-31,20:00:00,8:00 PM,Nashville Predators,NSH,https://assets.nhle.com/logos/nhl/svg/NSH_dark.svg,3-5-1,28th,3.754915049760884,0.48926686516433066,Edmonton Oilers,EDM,https://assets.nhle.com/logos/nhl/svg/EDM_dark.svg,4-5-1,24th,3.82059251629836,0.5107331348356694,0.14749068289559183
2024020167,2024-10-31T22:30:00,2024-10-31,22:30:00,10:30 PM,San Jose Sharks,SJS,https://assets.nhle.com/logos/nhl/svg/SJS_dark.svg,0-7-2,32nd,3.150261875594421,0.437190934416811,Chicago Blackhawks,CHI,https://assets.nhle.com/logos/nhl/svg/CHI_dark.svg,2-6-1,30th,3.5043651254534467,0.5628090655831889,0.1564838034411062
