game_id,datetime,date,time,time_str,home_name,home_abbrev,home_logo,home_record,home_rank,home_score,home_prob,visitor_name,visitor_abbrev,visitor_logo,visitor_record,visitor_rank,visitor_score,visitor_prob,overtime_prob
2024020155,2024-10-30T19:00:00,2024-10-30,19:00:00,7:00 PM,Columbus Blue Jackets,CBJ,https://assets.nhle.com/logos/nhl/svg/CBJ_dark.svg,4-3-1,17th,3.0976000356666016,0.4042291348666641,New York Islanders,NYI,https://assets.nhle.com/logos/nhl/svg/NYI_dark.svg,3-3-2,26th,3.645229231041598,0.5957708651333359,0.15357823549666824
2024020156,2024-10-30T19:30:00,2024-10-30,19:30:00,7:30 PM,Detroit Red Wings,DET,https://assets.nhle.com/logos/nhl/svg/DET_dark.svg,4-4-1,21st,2.692698763333291,0.28043684723564893,Winnipeg Jets,WPG,https://assets.nhle.com/logos/nhl/svg/WPG_dark.svg,8-1-0,1st,4.000897895588087,0.7195631527643511,0.13972672693870108
2024020157,2024-10-30T21:00:00,2024-10-30,21:00:00,9:00 PM,Colorado Avalanche,COL,https://assets.nhle.com/logos/nhl/svg/COL_dark.svg,5-4-0,16th,3.570445566461334,0.49789224750195243,Tampa Bay Lightning,TBL,https://assets.nhle.com/logos/nhl/svg/TBL_dark.svg,6-3-0,8th,3.58284985910633,0.5021077524980475,0.15200307214683473
2024020158,2024-10-30T21:30:00,2024-10-30,21:30:00,9:30 PM,Utah Hockey Club,UTA,https://assets.nhle.com/logos/nhl/svg/UTA_dark.svg,4-4-1,19th,3.475440645969793,0.3657891601172808,Calgary Flames,CGY,https://assets.nhle.com/logos/nhl/svg/CGY_dark.svg,5-2-1,10th,4.33075759170212,0.6342108398827192,0.139011114877651
2024020159,2024-10-30T22:30:00,2024-10-30,22:30:00,10:30 PM,Vancouver Canucks,VAN,https://assets.nhle.com/logos/nhl/svg/VAN_dark.svg,4-1-2,14th,3.793347844756064,0.531092406970316,New Jersey Devils,NJD,https://assets.nhle.com/logos/nhl/svg/NJD_dark.svg,6-4-2,4th,3.605964398870769,0.468907593029684,0.14902019962615273
2024020160,2024-10-30T22:00:00,2024-10-30,22:00:00,10:00 PM,Los Angeles Kings,LAK,https://assets.nhle.com/logos/nhl/svg/LAK_dark.svg,5-2-2,9th,3.116760656740204,0.4696015770257187,Vegas Golden Knights,VGK,https://assets.nhle.com/logos/nhl/svg/VGK_dark.svg,6-2-1,6th,3.283403535445465,0.5303984229742813,0.16078278124545722
