game_id,datetime,date,time,time_str,home_name,home_abbrev,home_logo,home_record,home_rank,home_score,home_prob,visitor_name,visitor_abbrev,visitor_logo,visitor_record,visitor_rank,visitor_score,visitor_prob,overtime_prob
2024020185,2024-11-03T13:00:00,2024-11-03,13:00:00,1:00 PM,New York Rangers,NYR,https://assets.nhle.com/logos/nhl/svg/NYR_dark.svg,6-2-1,11th,3.799604010918967,0.6993817313453461,New York Islanders,NYI,https://assets.nhle.com/logos/nhl/svg/NYI_dark.svg,3-5-2,29th,2.6514688177609638,0.3006182686546539,0.1459605370939275
2024020186,2024-11-03T15:00:00,2024-11-03,15:00:00,3:00 PM,Winnipeg Jets,WPG,https://assets.nhle.com/logos/nhl/svg/WPG_dark.svg,9-1-0,1st,3.253942022557456,0.553426530892634,Tampa Bay Lightning,TBL,https://assets.nhle.com/logos/nhl/svg/TBL_dark.svg,7-3-0,9th,2.9656809339727137,0.44657346910736595,0.162541139884295
2024020187,2024-11-03T17:00:00,2024-11-03,17:00:00,5:00 PM,Boston Bruins,BOS,https://assets.nhle.com/logos/nhl/svg/BOS_dark.svg,4-6-1,25th,3.1218165166240714,0.4932181567264351,Seattle Kraken,SEA,https://assets.nhle.com/logos/nhl/svg/SEA_dark.svg,5-5-1,18th,3.1585208177126107,0.5067818432735649,0.16269149397652058
2024020188,2024-11-03T17:00:00,2024-11-03,17:00:00,5:00 PM,Carolina Hurricanes,CAR,https://assets.nhle.com/logos/nhl/svg/CAR_dark.svg,7-2-0,5th,4.023391868346608,0.76945561604178,Washington Capitals,WSH,https://assets.nhle.com/logos/nhl/svg/WSH_dark.svg,7-2-0,6th,2.407252478764889,0.23054438395822,0.13298885550976616
2024020189,2024-11-03T18:00:00,2024-11-03,18:00:00,6:00 PM,Minnesota Wild,MIN,https://assets.nhle.com/logos/nhl/svg/MIN_dark.svg,6-1-2,8th,3.130558844895215,0.4520594841698809,Toronto Maple Leafs,TOR,https://assets.nhle.com/logos/nhl/svg/TOR_dark.svg,6-4-1,12th,3.397060146980619,0.5479405158301192,0.158652213845177
2024020190,2024-11-03T20:00:00,2024-11-03,20:00:00,8:00 PM,Calgary Flames,CGY,https://assets.nhle.com/logos/nhl/svg/CGY_dark.svg,5-4-1,16th,3.4855163098793147,0.4052581238226841,Edmonton Oilers,EDM,https://assets.nhle.com/logos/nhl/svg/EDM_dark.svg,5-5-1,17th,4.069762148133395,0.5947418761773159,0.14465635472939256
2024020191,2024-11-03T20:00:00,2024-11-03,20:00:00,8:00 PM,Anaheim Ducks,ANA,https://assets.nhle.com/logos/nhl/svg/ANA_dark.svg,4-4-2,20th,3.431634166098733,0.5058875266425058,Chicago Blackhawks,CHI,https://assets.nhle.com/logos/nhl/svg/CHI_dark.svg,3-7-1,32nd,3.398022396453624,0.4941124733574942,0.15570991390490416
