game_id,datetime,date,time,time_str,home_name,home_abbrev,home_logo,home_record,home_rank,home_score,home_prob,visitor_name,visitor_abbrev,visitor_logo,visitor_record,visitor_rank,visitor_score,visitor_prob,overtime_prob
2024020174,2024-11-02T12:00:00,2024-11-02,12:00:00,12:00 PM,Florida Panthers,FLA,https://assets.nhle.com/logos/nhl/svg/FLA_dark.svg,7-3-1,3rd,3.208684481541049,0.5316771514039432,Dallas Stars,DAL,https://assets.nhle.com/logos/nhl/svg/DAL_dark.svg,7-2-0,7th,3.0376510600899373,0.4683228485960567,0.16282182420504898
2024020175,2024-11-02T13:00:00,2024-11-02,13:00:00,1:00 PM,Philadelphia Flyers,PHI,https://assets.nhle.com/logos/nhl/svg/PHI_dark.svg,4-6-1,27th,2.8609980814345914,0.39075118032294054,Boston Bruins,BOS,https://assets.nhle.com/logos/nhl/svg/BOS_dark.svg,4-6-1,25th,3.462506012214985,0.6092488196770595,0.15791732533551803
2024020176,2024-11-02T16:00:00,2024-11-02,16:00:00,4:00 PM,Los Angeles Kings,LAK,https://assets.nhle.com/logos/nhl/svg/LAK_dark.svg,6-3-2,10th,3.774447126537518,0.6852896245699086,Chicago Blackhawks,CHI,https://assets.nhle.com/logos/nhl/svg/CHI_dark.svg,3-7-1,32nd,2.7108465649497666,0.3147103754300914,0.1475925214589201
2024020177,2024-11-02T17:00:00,2024-11-02,17:00:00,5:00 PM,Washington Capitals,WSH,https://assets.nhle.com/logos/nhl/svg/WSH_dark.svg,7-2-0,6th,3.881371857142865,0.6164373163744683,Columbus Blue Jackets,CBJ,https://assets.nhle.com/logos/nhl/svg/CBJ_dark.svg,5-3-1,14th,3.1911491264955973,0.3835626836255317,0.14820083605728565
2024020178,2024-11-02T19:00:00,2024-11-02,19:00:00,7:00 PM,Ottawa Senators,OTT,https://assets.nhle.com/logos/nhl/svg/OTT_dark.svg,5-4-0,19th,3.2515530536410973,0.37641647126068856,Seattle Kraken,SEA,https://assets.nhle.com/logos/nhl/svg/SEA_dark.svg,5-5-1,18th,3.997714059429849,0.6235835287393116,0.1456542790409446
2024020179,2024-11-02T19:00:00,2024-11-02,19:00:00,7:00 PM,Detroit Red Wings,DET,https://assets.nhle.com/logos/nhl/svg/DET_dark.svg,4-5-1,24th,3.5032474560522258,0.47813457820844735,Buffalo Sabres,BUF,https://assets.nhle.com/logos/nhl/svg/BUF_dark.svg,4-5-1,23rd,3.631773459800544,0.5218654217915526,0.1520442264974413
2024020180,2024-11-02T19:00:00,2024-11-02,19:00:00,7:00 PM,Pittsburgh Penguins,PIT,https://assets.nhle.com/logos/nhl/svg/PIT_dark.svg,4-7-1,28th,4.8860470720722144,0.7524241874696938,Montréal Canadiens,MTL,https://assets.nhle.com/logos/nhl/svg/MTL_dark.svg,4-6-1,26th,3.1487278841017083,0.24757581253030628,0.11979381613025654
2024020181,2024-11-02T19:00:00,2024-11-02,19:00:00,7:00 PM,St. Louis Blues,STL,https://assets.nhle.com/logos/nhl/svg/STL_dark.svg,5-6-0,21st,3.077747104851908,0.331962752744247,Toronto Maple Leafs,TOR,https://assets.nhle.com/logos/nhl/svg/TOR_dark.svg,6-4-1,12th,4.100765213117973,0.668037247255753,0.14176288789534847
2024020182,2024-11-02T20:00:00,2024-11-02,20:00:00,8:00 PM,Nashville Predators,NSH,https://assets.nhle.com/logos/nhl/svg/NSH_dark.svg,3-6-1,31st,3.7353513867975066,0.4592723563348669,Colorado Avalanche,COL,https://assets.nhle.com/logos/nhl/svg/COL_dark.svg,5-6-0,22nd,3.9883727270622855,0.5407276436651332,0.1454851273311938
2024020183,2024-11-02T22:00:00,2024-11-02,22:00:00,10:00 PM,Vegas Golden Knights,VGK,https://assets.nhle.com/logos/nhl/svg/VGK_dark.svg,7-3-1,4th,4.832664252759824,0.7814584688335106,Utah Hockey Club,UTA,https://assets.nhle.com/logos/nhl/svg/UTA_dark.svg,5-4-2,13th,2.9055074517203416,0.21854153116648944,0.11625935156631381
2024020184,2024-11-02T22:00:00,2024-11-02,22:00:00,10:00 PM,San Jose Sharks,SJS,https://assets.nhle.com/logos/nhl/svg/SJS_dark.svg,3-7-2,30th,2.9329935169821097,0.2860562570227512,Vancouver Canucks,VAN,https://assets.nhle.com/logos/nhl/svg/VAN_dark.svg,4-2-3,15th,4.265995935271454,0.7139437429772487,0.13498961892299635
