Date,Home Name,Away Name,home_prob,visitor_prob,Total,Away EV,Home EV,total_pred
2024-11-03,New York Rangers,New York Islanders,69.9,30.1,6.0,-20.2,4.8,6.451
2024-11-03,Winnipeg Jets,Tampa Bay Lightning,55.3,44.7,6.0,-3.9,-3.7,6.22
2024-11-03,Boston Bruins,Seattle Kraken,49.3,50.7,5.5,24.2,-21.7,6.28
2024-11-03,Carolina Hurricanes,Washington Capitals,76.9,23.1,6.0,-33.0,10.3,6.431
2024-11-03,Minnesota Wild,Toronto Maple Leafs,45.2,54.8,6.0,7.0,-15.5,6.528
2024-11-03,Anaheim Ducks,Chicago Blackhawks,50.6,49.4,6.0,1.3,-8.9,6.83
2024-11-03,Calgary Flames,Edmonton Oilers,40.5,59.5,6.5,-3.3,-4.8,7.555
