Date,Home Name,Away Name,home_prob,visitor_prob,Total,Away EV,Home EV,total_pred
2024-10-30,Columbus Blue Jackets,New York Islanders,40.4,59.6,6.5,3.7,-13.1,6.743
2024-10-30,Detroit Red Wings,Winnipeg Jets,28.0,72.0,6.0,15.6,-32.8,6.694
2024-10-30,Colorado Avalanche,Tampa Bay Lightning,49.8,50.2,6.5,-6.1,-2.8,7.153
2024-10-30,Utah Hockey Club,Calgary Flames,36.6,63.4,6.0,30.0,-34.1,7.806
2024-10-30,Los Angeles Kings,Vegas Golden Knights,47.0,53.0,6.0,-6.2,-1.3,6.4
2024-10-30,Vancouver Canucks,New Jersey Devils,53.1,46.9,6.5,-3.9,-4.4,7.399
