Date,Home Name,Away Name,home_prob,visitor_prob,Total,Away EV,Home EV,total_pred
2024-11-02,Florida Panthers,Dallas Stars,53.2,46.8,6.5,-10.7,1.6,6.246
2024-11-02,Philadelphia Flyers,Boston Bruins,39.1,60.9,6.0,4.4,-14.0,6.324
2024-11-02,Los Angeles Kings,Chicago Blackhawks,68.5,31.5,6.0,-14.9,2.8,6.485
2024-11-02,Washington Capitals,Columbus Blue Jackets,61.6,38.4,6.5,9.4,-11.0,7.073
2024-11-02,St. Louis Blues,Toronto Maple Leafs,33.2,66.8,6.0,2.0,-15.3,7.179
2024-11-02,Detroit Red Wings,Buffalo Sabres,47.8,52.2,6.5,4.4,-12.4,7.135
2024-11-02,Ottawa Senators,Seattle Kraken,37.6,62.4,6.5,27.9,-32.3,7.249
2024-11-02,Pittsburgh Penguins,Montréal Canadiens,75.2,24.8,6.5,-38.0,15.8,8.035
2024-11-02,Nashville Predators,Colorado Avalanche,45.9,54.1,6.5,10.9,-17.4,7.724
2024-11-02,San Jose Sharks,Vancouver Canucks,28.6,71.4,6.0,-0.0,-14.2,7.199
2024-11-02,Vegas Golden Knights,Utah Hockey Club,78.1,21.9,6.5,-43.1,19.2,7.738
