Date,Home Name,Away Name,home_prob,visitor_prob,Total,Away EV,Home EV,total_pred
2024-10-31,Carolina Hurricanes,Boston Bruins,65.2,34.8,5.5,-16.5,4.7,5.855
2024-10-31,Philadelphia Flyers,St. Louis Blues,46.0,54.0,6.0,13.9,-20.4,6.749
2024-10-31,Pittsburgh Penguins,Anaheim Ducks,72.7,27.3,6.5,-30.4,11.0,7.493
2024-10-31,Toronto Maple Leafs,Seattle Kraken,57.6,42.4,6.5,18.7,-16.8,6.601
2024-10-31,Nashville Predators,Edmonton Oilers,48.9,51.1,6.5,8.8,-12.6,7.576
2024-10-31,San Jose Sharks,Chicago Blackhawks,43.7,56.3,6.0,-4.9,-3.0,6.655
