Home Name,Home MoneyLine,Home Spread Price,Home Score,Home Votes,Home Spread,Away Name,Away MoneyLine,Away Spread Price,Away Score,Away Votes,Away Spread,Under Price,Over Price,Over Votes,Under Votes,Total,Arena,Date
Florida Panthers,-110,220,,51,-1.5,Dallas Stars,-110,-270,,49,1.5,-120,100,82,18,6.5,"{'htmlClasses': [], 'linkClasses': [], 'dateConverter': [], 'stringTranslation': None, '_serviceIds': {'dateConverter': 'oddsshark.date_converter'}, '_entityStorages': [], 'roof': None, 'stadium': 'Nokia Arena', 'stadiumRotation': None, 'surface': None}",2024-11-02
Philadelphia Flyers,120,-220,,35,1.5,Boston Bruins,-140,180,,65,-1.5,-115,-105,70,30,6.0,"{'htmlClasses': [], 'linkClasses': [], 'dateConverter': [], 'stringTranslation': None, '_serviceIds': {'dateConverter': 'oddsshark.date_converter'}, '_entityStorages': [], 'roof': None, 'stadium': 'Wells Fargo Center', 'stadiumRotation': None, 'surface': None}",2024-11-02
Los Angeles Kings,-200,125,,85,-1.5,Chicago Blackhawks,170,-145,,15,1.5,-115,-105,47,53,6.0,"{'htmlClasses': [], 'linkClasses': [], 'dateConverter': [], 'stringTranslation': None, '_serviceIds': {'dateConverter': 'oddsshark.date_converter'}, '_entityStorages': [], 'roof': None, 'stadium': 'Crypto.com Arena', 'stadiumRotation': None, 'surface': None}",2024-11-02
Washington Capitals,-220,115,,81,-1.5,Columbus Blue Jackets,180,-135,,19,1.5,-120,100,70,30,6.5,"{'htmlClasses': [], 'linkClasses': [], 'dateConverter': [], 'stringTranslation': None, '_serviceIds': {'dateConverter': 'oddsshark.date_converter'}, '_entityStorages': [], 'roof': None, 'stadium': 'Capital One Arena', 'stadiumRotation': None, 'surface': None}",2024-11-02
St. Louis Blues,155,-160,,12,1.5,Toronto Maple Leafs,-190,135,,88,-1.5,-105,-115,0,0,6.0,"{'htmlClasses': [], 'linkClasses': [], 'dateConverter': [], 'stringTranslation': None, '_serviceIds': {'dateConverter': 'oddsshark.date_converter'}, '_entityStorages': [], 'roof': None, 'stadium': 'Enterprise Center', 'stadiumRotation': None, 'surface': None}",2024-11-02
Detroit Red Wings,-120,210,,44,-1.5,Buffalo Sabres,100,-250,,56,1.5,-115,-105,79,21,6.5,"{'htmlClasses': [], 'linkClasses': [], 'dateConverter': [], 'stringTranslation': None, '_serviceIds': {'dateConverter': 'oddsshark.date_converter'}, '_entityStorages': [], 'roof': None, 'stadium': 'Little Caesars Arena', 'stadiumRotation': None, 'surface': None}",2024-11-02
Ottawa Senators,-130,190,,57,-1.5,Seattle Kraken,110,-230,,43,1.5,-120,100,86,14,6.5,"{'htmlClasses': [], 'linkClasses': [], 'dateConverter': [], 'stringTranslation': None, '_serviceIds': {'dateConverter': 'oddsshark.date_converter'}, '_entityStorages': [], 'roof': None, 'stadium': 'Canadian Tire Centre', 'stadiumRotation': None, 'surface': None}",2024-11-02
Pittsburgh Penguins,-190,135,,66,-1.5,Montréal Canadiens,160,-155,,34,1.5,100,-120,81,19,6.5,"{'htmlClasses': [], 'linkClasses': [], 'dateConverter': [], 'stringTranslation': None, '_serviceIds': {'dateConverter': 'oddsshark.date_converter'}, '_entityStorages': [], 'roof': None, 'stadium': 'PPG Paints Arena', 'stadiumRotation': None, 'surface': None}",2024-11-02
Nashville Predators,-125,190,,18,-1.5,Colorado Avalanche,105,-250,,82,1.5,-115,-105,67,33,6.5,"{'htmlClasses': [], 'linkClasses': [], 'dateConverter': [], 'stringTranslation': None, '_serviceIds': {'dateConverter': 'oddsshark.date_converter'}, '_entityStorages': [], 'roof': None, 'stadium': 'Bridgestone Arena', 'stadiumRotation': None, 'surface': None}",2024-11-02
San Jose Sharks,220,-110,,13,1.5,Vancouver Canucks,-275,-110,,87,-1.5,100,-120,0,0,6.0,"{'htmlClasses': [], 'linkClasses': [], 'dateConverter': [], 'stringTranslation': None, '_serviceIds': {'dateConverter': 'oddsshark.date_converter'}, '_entityStorages': [], 'roof': None, 'stadium': 'SAP Center at San Jose', 'stadiumRotation': None, 'surface': None}",2024-11-02
Vegas Golden Knights,-190,135,,89,-1.5,Utah Hockey Club,160,-155,,11,1.5,-120,100,0,0,6.5,"{'htmlClasses': [], 'linkClasses': [], 'dateConverter': [], 'stringTranslation': None, '_serviceIds': {'dateConverter': 'oddsshark.date_converter'}, '_entityStorages': [], 'roof': None, 'stadium': 'T-Mobile Arena', 'stadiumRotation': None, 'surface': None}",2024-11-02
