Home Name,Home MoneyLine,Home Spread Price,Home Score,Home Votes,Home Spread,Away Name,Away MoneyLine,Away Spread Price,Away Score,Away Votes,Away Spread,Under Price,Over Price,Over Votes,Under Votes,Total,Arena,Date
Carolina Hurricanes,-165,155,,0,-1.5,Boston Bruins,140,-175,,0,1.5,104,-120,0,0,5.5,"{'htmlClasses': [], 'linkClasses': [], 'dateConverter': [], 'stringTranslation': None, '_serviceIds': [], '_entityStorages': [], 'roof': None, 'stadium': 'Lenovo Center', 'stadiumRotation': None, 'surface': None}",2024-10-31
Philadelphia Flyers,-137,188,,0,-1.5,St. Louis Blues,111,-217,,0,1.5,-110,-106,0,0,6.0,"{'htmlClasses': [], 'linkClasses': [], 'dateConverter': [], 'stringTranslation': None, '_serviceIds': [], '_entityStorages': [], 'roof': None, 'stadium': 'Wells Fargo Center', 'stadiumRotation': None, 'surface': None}",2024-10-31
Pittsburgh Penguins,-190,134,,0,-1.5,Anaheim Ducks,155,-152,,0,1.5,-120,100,0,0,6.5,"{'htmlClasses': [], 'linkClasses': [], 'dateConverter': [], 'stringTranslation': None, '_serviceIds': [], '_entityStorages': [], 'roof': None, 'stadium': 'PPG Paints Arena', 'stadiumRotation': None, 'surface': None}",2024-10-31
Toronto Maple Leafs,-225,120,,0,-1.5,Seattle Kraken,180,-140,,0,1.5,-120,100,0,0,6.5,"{'htmlClasses': [], 'linkClasses': [], 'dateConverter': [], 'stringTranslation': None, '_serviceIds': [], '_entityStorages': [], 'roof': None, 'stadium': 'Scotiabank Arena', 'stadiumRotation': None, 'surface': None}",2024-10-31
Washington Capitals,-210,120,,0,-1.5,Montreal Canadiens,170,-145,,0,1.5,100,-120,0,0,6.0,"{'htmlClasses': [], 'linkClasses': [], 'dateConverter': [], 'stringTranslation': None, '_serviceIds': [], '_entityStorages': [], 'roof': None, 'stadium': 'Capital One Arena', 'stadiumRotation': None, 'surface': None}",2024-10-31
Nashville Predators,-127,204,,0,-1.5,Edmonton Oilers,113,-237,,0,1.5,-121,105,0,0,6.5,"{'htmlClasses': [], 'linkClasses': [], 'dateConverter': [], 'stringTranslation': None, '_serviceIds': [], '_entityStorages': [], 'roof': None, 'stadium': 'Bridgestone Arena', 'stadiumRotation': None, 'surface': None}",2024-10-31
San Jose Sharks,122,-192,,0,1.5,Chicago Blackhawks,-145,167,,0,-1.5,-106,-110,0,0,6.0,"{'htmlClasses': [], 'linkClasses': [], 'dateConverter': [], 'stringTranslation': None, '_serviceIds': [], '_entityStorages': [], 'roof': None, 'stadium': 'SAP Center at San Jose', 'stadiumRotation': None, 'surface': None}",2024-10-31
