Home Name,Home MoneyLine,Home Spread Price,Home Score,Home Votes,Home Spread,Away Name,Away MoneyLine,Away Spread Price,Away Score,Away Votes,Away Spread,Under Price,Over Price,Over Votes,Under Votes,Total,Arena,Date
Columbus Blue Jackets,115,-220,,81,1.5,New York Islanders,-135,180,,19,-1.5,-120,100,37,63,6.5,"{'htmlClasses': [], 'linkClasses': [], 'dateConverter': [], 'stringTranslation': None, '_serviceIds': [], '_entityStorages': [], 'roof': None, 'stadium': 'Nationwide Arena', 'stadiumRotation': None, 'surface': None}",2024-10-30
Detroit Red Wings,140,-180,,27,1.5,Winnipeg Jets,-165,160,,73,-1.5,-110,-110,71,29,6.0,"{'htmlClasses': [], 'linkClasses': [], 'dateConverter': [], 'stringTranslation': None, '_serviceIds': [], '_entityStorages': [], 'roof': None, 'stadium': 'Little Caesars Arena', 'stadiumRotation': None, 'surface': None}",2024-10-30
Colorado Avalanche,-105,225,,39,-1.5,Tampa Bay Lightning,-115,-265,,61,1.5,100,-120,75,25,6.5,"{'htmlClasses': [], 'linkClasses': [], 'dateConverter': [], 'stringTranslation': None, '_serviceIds': [], '_entityStorages': [], 'roof': None, 'stadium': 'Ball Arena', 'stadiumRotation': None, 'surface': None}",2024-10-30
Utah Hockey Club,-125,205,,24,-1.5,Calgary Flames,105,-245,,76,1.5,100,-120,70,30,6.0,"{'htmlClasses': [], 'linkClasses': [], 'dateConverter': [], 'stringTranslation': None, '_serviceIds': [], '_entityStorages': [], 'roof': None, 'stadium': 'Delta Center', 'stadiumRotation': None, 'surface': None}",2024-10-30
Los Angeles Kings,110,-240,,26,1.5,Vegas Golden Knights,-130,200,,74,-1.5,-105,-115,80,20,6.0,"{'htmlClasses': [], 'linkClasses': [], 'dateConverter': [], 'stringTranslation': None, '_serviceIds': [], '_entityStorages': [], 'roof': None, 'stadium': 'Crypto.com Arena', 'stadiumRotation': None, 'surface': None}",2024-10-30
Vancouver Canucks,-125,200,,40,-1.5,New Jersey Devils,105,-240,,60,1.5,-105,-115,62,38,6.5,"{'htmlClasses': [], 'linkClasses': [], 'dateConverter': [], 'stringTranslation': None, '_serviceIds': [], '_entityStorages': [], 'roof': None, 'stadium': 'Rogers Arena', 'stadiumRotation': None, 'surface': None}",2024-10-30
