Home Name,Home MoneyLine,Home Spread Price,Home Score,Home Votes,Home Spread,Away Name,Away MoneyLine,Away Spread Price,Away Score,Away Votes,Away Spread,Under Price,Over Price,Over Votes,Under Votes,Total,Arena,Date
Army Black Knights,-1200.0,-110,,75,-18.0,Air Force Falcons,700.0,-110,,25,18.0,-110,-110,78,22,38.5,"{'htmlClasses': [], 'linkClasses': [], 'dateConverter': [], 'stringTranslation': None, '_serviceIds': [], '_entityStorages': [], 'roof': 'Open', 'stadium': 'Blaik Field at Michie Stadium', 'stadiumRotation': 5, 'surface': 'Turf'}",2024-11-02
UTSA Roadrunners,230.0,-105,,14,7.0,Memphis Tigers,-275.0,-115,,86,-7.0,-110,-110,0,0,61.5,"{'htmlClasses': [], 'linkClasses': [], 'dateConverter': [], 'stringTranslation': None, '_serviceIds': [], '_entityStorages': [], 'roof': 'Indoor', 'stadium': 'Alamodome', 'stadiumRotation': 0, 'surface': 'Grass'}",2024-11-02
Arkansas Razorbacks,240.0,-110,,65,7.5,Ole Miss Rebels,-300.0,-110,,35,-7.5,-110,-110,59,41,54.5,"{'htmlClasses': [], 'linkClasses': [], 'dateConverter': [], 'stringTranslation': None, '_serviceIds': [], '_entityStorages': [], 'roof': 'Open', 'stadium': 'Donald W. Reynolds Razorback Stadium', 'stadiumRotation': 0, 'surface': 'Turf'}",2024-11-02
Oklahoma Sooners,,-110,,0,-35.5,Maine Black Bears,,-110,,0,35.5,-110,-110,0,0,48.0,"{'htmlClasses': [], 'linkClasses': [], 'dateConverter': [], 'stringTranslation': None, '_serviceIds': [], '_entityStorages': [], 'roof': 'Open', 'stadium': 'Gaylord Family-Oklahoma Memorial Stadium', 'stadiumRotation': 0, 'surface': 'Grass'}",2024-11-02
Akron Zips,-105.0,-115,,0,1.0,Buffalo Bulls,-115.0,-105,,0,-1.0,-110,-110,0,0,49.0,"{'htmlClasses': [], 'linkClasses': [], 'dateConverter': [], 'stringTranslation': None, '_serviceIds': [], '_entityStorages': [], 'roof': 'Open', 'stadium': 'InfoCision Stadium-Summa Field', 'stadiumRotation': 5, 'surface': 'Turf'}",2024-11-02
Eastern Michigan Eagles,290.0,-105,,27,9.5,Toledo Rockets,-375.0,-115,,73,-9.5,-110,-110,0,0,54.5,"{'htmlClasses': [], 'linkClasses': [], 'dateConverter': [], 'stringTranslation': None, '_serviceIds': [], '_entityStorages': [], 'roof': 'Open', 'stadium': 'Rynearson Stadium', 'stadiumRotation': 0, 'surface': 'Turf'}",2024-11-02
Miami-FL Hurricanes,-1600.0,-115,,0,-20.5,Duke Blue Devils,900.0,-105,,0,20.5,-110,-110,0,0,55.0,"{'htmlClasses': [], 'linkClasses': [], 'dateConverter': [], 'stringTranslation': None, '_serviceIds': [], '_entityStorages': [], 'roof': 'Open', 'stadium': 'Hard Rock Stadium', 'stadiumRotation': 120, 'surface': 'Grass'}",2024-11-02
NC State Wolfpack,-375.0,-115,,64,-9.5,Stanford Cardinal,290.0,-105,,36,9.5,-110,-110,0,0,47.0,"{'htmlClasses': [], 'linkClasses': [], 'dateConverter': [], 'stringTranslation': None, '_serviceIds': [], '_entityStorages': [], 'roof': 'Open', 'stadium': 'Carter-Finley Stadium', 'stadiumRotation': 140, 'surface': 'Grass'}",2024-11-02
Syracuse Orange,155.0,-110,,43,4.0,Virginia Tech Hokies,-180.0,-110,,57,-4.0,-110,-110,0,0,54.0,"{'htmlClasses': [], 'linkClasses': [], 'dateConverter': [], 'stringTranslation': None, '_serviceIds': [], '_entityStorages': [], 'roof': 'Indoor', 'stadium': 'JMA Wireless Dome', 'stadiumRotation': 90, 'surface': 'Turf'}",2024-11-02
Illinois Fighting Illini,115.0,-110,,72,2.5,Minnesota Golden Gophers,-135.0,-110,,28,-2.5,-110,-110,0,0,47.0,"{'htmlClasses': [], 'linkClasses': [], 'dateConverter': [], 'stringTranslation': None, '_serviceIds': [], '_entityStorages': [], 'roof': 'Open', 'stadium': 'Memorial Stadium', 'stadiumRotation': 0, 'surface': 'Turf'}",2024-11-02
Purdue Boilermakers,-135.0,-110,,61,-2.5,Northwestern Wildcats,115.0,-110,,39,2.5,-110,-110,0,0,44.5,"{'htmlClasses': [], 'linkClasses': [], 'dateConverter': [], 'stringTranslation': None, '_serviceIds': [], '_entityStorages': [], 'roof': 'Open', 'stadium': 'Ross-Ade Stadium', 'stadiumRotation': 165, 'surface': 'Grass'}",2024-11-02
Penn State Nittany Lions,140.0,-105,,39,3.0,Ohio State Buckeyes,-160.0,-115,,61,-3.0,-110,-110,53,47,47.5,"{'htmlClasses': [], 'linkClasses': [], 'dateConverter': [], 'stringTranslation': None, '_serviceIds': [], '_entityStorages': [], 'roof': 'Open', 'stadium': 'Beaver Stadium', 'stadiumRotation': 135, 'surface': 'Grass'}",2024-11-02
Auburn Tigers,-280.0,-110,,20,-7.5,Vanderbilt Commodores,240.0,-110,,80,7.5,-110,-110,0,0,48.5,"{'htmlClasses': [], 'linkClasses': [], 'dateConverter': [], 'stringTranslation': None, '_serviceIds': [], '_entityStorages': [], 'roof': 'Open', 'stadium': 'Pat Dye Field at Jordan-Hare Stadium', 'stadiumRotation': 30, 'surface': 'Grass'}",2024-11-02
UAB Blazers,-140.0,-115,,0,-2.5,Tulsa Golden Hurricane,120.0,-105,,0,2.5,-110,-110,0,0,57.5,"{'htmlClasses': [], 'linkClasses': [], 'dateConverter': [], 'stringTranslation': None, '_serviceIds': [], '_entityStorages': [], 'roof': None, 'stadium': 'Protective Stadium', 'stadiumRotation': None, 'surface': None}",2024-11-02
Appalachian State Mountaineers,130.0,-110,,0,3.0,Old Dominion Monarchs,-150.0,-110,,0,-3.0,-110,-110,0,0,58.0,"{'htmlClasses': [], 'linkClasses': [], 'dateConverter': [], 'stringTranslation': None, '_serviceIds': [], '_entityStorages': [], 'roof': 'Open', 'stadium': 'Kidd Brewer Stadium', 'stadiumRotation': 170, 'surface': 'Turf'}",2024-11-02
Georgia Bulldogs,-700.0,-115,,84,-14.5,Florida Gators,500.0,-105,,16,14.5,-110,-110,0,0,52.5,"{'htmlClasses': [], 'linkClasses': [], 'dateConverter': [], 'stringTranslation': None, '_serviceIds': [], '_entityStorages': [], 'roof': 'Open', 'stadium': 'EverBank Stadium', 'stadiumRotation': 15, 'surface': 'Grass'}",2024-11-02
Marshall Thundering Herd,-400.0,-110,,0,-10.5,Louisiana-Monroe Warhawks,310.0,-110,,0,10.5,-110,-110,0,0,48.0,"{'htmlClasses': [], 'linkClasses': [], 'dateConverter': [], 'stringTranslation': None, '_serviceIds': [], '_entityStorages': [], 'roof': 'Open', 'stadium': 'Joan C. Edwards Stadium', 'stadiumRotation': 170, 'surface': 'Turf'}",2024-11-02
UCF Knights,-235.0,-110,,0,-6.5,Arizona Wildcats,195.0,-110,,0,6.5,-105,-115,0,0,55.5,"{'htmlClasses': [], 'linkClasses': [], 'dateConverter': [], 'stringTranslation': None, '_serviceIds': [], '_entityStorages': [], 'roof': 'Open', 'stadium': 'FBC Mortgage Stadium', 'stadiumRotation': 0, 'surface': 'Grass'}",2024-11-02
Houston Cougars,400.0,-110,,4,12.5,Kansas State Wildcats,-550.0,-110,,96,-12.5,-110,-110,0,0,45.5,"{'htmlClasses': [], 'linkClasses': [], 'dateConverter': [], 'stringTranslation': None, '_serviceIds': [], '_entityStorages': [], 'roof': 'Open', 'stadium': 'TDECU Stadium', 'stadiumRotation': 170, 'surface': 'Turf'}",2024-11-02
Iowa State Cyclones,-550.0,-110,,82,-13.5,Texas Tech Red Raiders,425.0,-110,,18,13.5,-110,-110,0,0,56.5,"{'htmlClasses': [], 'linkClasses': [], 'dateConverter': [], 'stringTranslation': None, '_serviceIds': [], '_entityStorages': [], 'roof': 'Open', 'stadium': 'Jack Trice Stadium', 'stadiumRotation': 0, 'surface': 'Grass'}",2024-11-02
Oklahoma State Cowboys,160.0,-110,,0,4.5,Arizona State Sun Devils,-180.0,-110,,0,-4.5,-110,-110,0,0,57.5,"{'htmlClasses': [], 'linkClasses': [], 'dateConverter': [], 'stringTranslation': None, '_serviceIds': [], '_entityStorages': [], 'roof': 'Open', 'stadium': 'Boone Pickens Stadium', 'stadiumRotation': 90, 'surface': 'Turf'}",2024-11-02
Florida State Seminoles,115.0,-105,,14,2.5,North Carolina Tar Heels,-135.0,-115,,86,-2.5,-110,-110,0,0,50.5,"{'htmlClasses': [], 'linkClasses': [], 'dateConverter': [], 'stringTranslation': None, '_serviceIds': [], '_entityStorages': [], 'roof': 'Open', 'stadium': 'Bobby Bowden Field at Doak Campbell Stadium', 'stadiumRotation': 135, 'surface': 'Grass'}",2024-11-02
UTEP Miners,-150.0,-115,,0,-3.0,Middle Tennessee Blue Raiders,130.0,-105,,0,3.0,-110,-110,0,0,51.0,"{'htmlClasses': [], 'linkClasses': [], 'dateConverter': [], 'stringTranslation': None, '_serviceIds': [], '_entityStorages': [], 'roof': 'Open', 'stadium': 'Sun Bowl', 'stadiumRotation': 170, 'surface': 'Turf'}",2024-11-02
Michigan State Spartans,255.0,-110,,20,7.5,Indiana Hoosiers,-310.0,-110,,80,-7.5,-110,-110,0,0,53.5,"{'htmlClasses': [], 'linkClasses': [], 'dateConverter': [], 'stringTranslation': None, '_serviceIds': [], '_entityStorages': [], 'roof': 'Open', 'stadium': 'Spartan Stadium', 'stadiumRotation': 180, 'surface': 'Grass'}",2024-11-02
Michigan Wolverines,500.0,-110,,22,14.5,Oregon Ducks,-700.0,-110,,78,-14.5,-110,-110,0,0,45.0,"{'htmlClasses': [], 'linkClasses': [], 'dateConverter': [], 'stringTranslation': None, '_serviceIds': [], '_entityStorages': [], 'roof': 'Open', 'stadium': 'Michigan Stadium', 'stadiumRotation': 0, 'surface': 'Turf'}",2024-11-02
Nebraska Cornhuskers,-275.0,-110,,0,-7.0,UCLA Bruins,220.0,-110,,0,7.0,-110,-110,0,0,38.5,"{'htmlClasses': [], 'linkClasses': [], 'dateConverter': [], 'stringTranslation': None, '_serviceIds': [], '_entityStorages': [], 'roof': 'Open', 'stadium': 'Tom Osborne Field at Memorial Stadium', 'stadiumRotation': 0, 'surface': 'Turf'}",2024-11-02
Rice Owls,345.0,-110,,3,11.5,Navy Midshipmen,-470.0,-110,,97,-11.5,-110,-110,0,0,48.0,"{'htmlClasses': [], 'linkClasses': [], 'dateConverter': [], 'stringTranslation': None, '_serviceIds': [], '_entityStorages': [], 'roof': 'Open', 'stadium': 'Rice Stadium', 'stadiumRotation': 0, 'surface': 'Turf'}",2024-11-02
New Mexico Lobos,-300.0,-110,,0,-7.5,Wyoming Cowboys,240.0,-110,,0,7.5,-110,-110,0,0,60.5,"{'htmlClasses': [], 'linkClasses': [], 'dateConverter': [], 'stringTranslation': None, '_serviceIds': [], '_entityStorages': [], 'roof': 'Open', 'stadium': 'University Stadium', 'stadiumRotation': 0, 'surface': 'Grass'}",2024-11-02
Troy Trojans,145.0,-110,,0,4.0,Coastal Carolina Chanticleers,-175.0,-110,,0,-4.0,-110,-110,0,0,52.5,"{'htmlClasses': [], 'linkClasses': [], 'dateConverter': [], 'stringTranslation': None, '_serviceIds': [], '_entityStorages': [], 'roof': 'Open', 'stadium': 'Larry Blakeney Field at Veterans Memorial Stadium', 'stadiumRotation': 0, 'surface': 'Turf'}",2024-11-02
Mississippi State Bulldogs,-1000.0,-110,,0,-18.5,Massachusetts Minutemen,650.0,-110,,0,18.5,-110,-110,0,0,59.5,"{'htmlClasses': [], 'linkClasses': [], 'dateConverter': [], 'stringTranslation': None, '_serviceIds': [], '_entityStorages': [], 'roof': 'Open', 'stadium': 'Davis Wade Stadium at Scott Field', 'stadiumRotation': 15, 'surface': 'Grass'}",2024-11-02
Fresno State Bulldogs,-500.0,-110,,0,-11.5,Hawaii Rainbow Warriors,375.0,-110,,0,11.5,-110,-110,0,0,45.5,"{'htmlClasses': [], 'linkClasses': [], 'dateConverter': [], 'stringTranslation': None, '_serviceIds': [], '_entityStorages': [], 'roof': 'Open', 'stadium': ""Valley Children's Stadium"", 'stadiumRotation': 90, 'surface': 'Turf'}",2024-11-02
South Carolina Gamecocks,135.0,-105,,35,3.0,Texas A&M Aggies,-160.0,-115,,65,-3.0,-110,-110,0,0,44.0,"{'htmlClasses': [], 'linkClasses': [], 'dateConverter': [], 'stringTranslation': None, '_serviceIds': [], '_entityStorages': [], 'roof': 'Open', 'stadium': 'Williams-Brice Stadium', 'stadiumRotation': 150, 'surface': 'Grass'}",2024-11-02
South Alabama Jaguars,-225.0,-110,,0,-6.0,Georgia Southern Eagles,185.0,-110,,0,6.0,-110,-110,0,0,60.0,"{'htmlClasses': [], 'linkClasses': [], 'dateConverter': [], 'stringTranslation': None, '_serviceIds': [], '_entityStorages': [], 'roof': None, 'stadium': 'Hancock Whitney Stadium', 'stadiumRotation': None, 'surface': 'Grass'}",2024-11-02
Clemson Tigers,-400.0,-110,,71,-10.5,Louisville Cardinals,310.0,-110,,29,10.5,-110,-110,0,0,62.0,"{'htmlClasses': [], 'linkClasses': [], 'dateConverter': [], 'stringTranslation': None, '_serviceIds': [], '_entityStorages': [], 'roof': 'Open', 'stadium': 'Memorial Stadium', 'stadiumRotation': 80, 'surface': 'Grass'}",2024-11-02
Iowa Hawkeyes,-145.0,-105,,83,-3.0,Wisconsin Badgers,125.0,-115,,17,3.0,-110,-110,0,0,41.5,"{'htmlClasses': [], 'linkClasses': [], 'dateConverter': [], 'stringTranslation': None, '_serviceIds': [], '_entityStorages': [], 'roof': 'Open', 'stadium': 'Kinnick Stadium', 'stadiumRotation': 0, 'surface': 'Turf'}",2024-11-02
Washington Huskies,110.0,-110,,0,2.0,USC Trojans,-130.0,-110,,0,-2.0,-110,-110,0,0,55.5,"{'htmlClasses': [], 'linkClasses': [], 'dateConverter': [], 'stringTranslation': None, '_serviceIds': [], '_entityStorages': [], 'roof': 'Open', 'stadium': 'Alaska Airlines Field at Husky Stadium', 'stadiumRotation': 110, 'surface': 'Turf'}",2024-11-02
Tennessee Volunteers,-1000.0,-110,,68,-17.5,Kentucky Wildcats,650.0,-110,,32,17.5,-110,-110,0,0,45.5,"{'htmlClasses': [], 'linkClasses': [], 'dateConverter': [], 'stringTranslation': None, '_serviceIds': [], '_entityStorages': [], 'roof': 'Open', 'stadium': 'Neyland Stadium', 'stadiumRotation': 145, 'surface': 'Grass'}",2024-11-02
Nevada Wolf Pack,105.0,-110,,0,2.5,Colorado State Rams,-125.0,-110,,0,-2.5,-110,-110,0,0,45.5,"{'htmlClasses': [], 'linkClasses': [], 'dateConverter': [], 'stringTranslation': None, '_serviceIds': [], '_entityStorages': [], 'roof': 'Open', 'stadium': 'Clarence Mackay Stadium', 'stadiumRotation': 145, 'surface': 'Turf'}",2024-11-02
Baylor Bears,-150.0,-115,,0,-3.0,TCU Horned Frogs,130.0,-105,,0,3.0,-110,-110,0,0,63.0,"{'htmlClasses': [], 'linkClasses': [], 'dateConverter': [], 'stringTranslation': None, '_serviceIds': [], '_entityStorages': [], 'roof': 'Open', 'stadium': 'McLane Stadium', 'stadiumRotation': 175, 'surface': 'Grass'}",2024-11-02
SMU Mustangs,-300.0,-115,,20,-7.0,Pittsburgh Panthers,240.0,-105,,80,7.0,-110,-110,0,0,56.5,"{'htmlClasses': [], 'linkClasses': [], 'dateConverter': [], 'stringTranslation': None, '_serviceIds': [], '_entityStorages': [], 'roof': 'Open', 'stadium': 'Gerald J. Ford Stadium', 'stadiumRotation': 0, 'surface': 'Turf'}",2024-11-02
