,GameID,Game State,Home Team,Home Goals,Away Goals,Away Team,Pre-Game Home Win Probability,Pre-Game Away Win Probability,Home Record,Away Record
1,2024020109,Pre-Game,Boston Bruins,0,0,Dallas Stars,17.18%,82.82%,3-3-1,5-2-0
2,2024020110,Pre-Game,Toronto Maple Leafs,0,0,St. Louis Blues,71.51%,28.49%,4-3-0,4-3-0
3,2024020111,Pre-Game,Detroit Red Wings,0,0,New Jersey Devils,20.91%,79.09%,3-3-0,5-3-1
4,2024020112,Pre-Game,Tampa Bay Lightning,0,0,Minnesota Wild,39.01%,60.99%,4-2-0,4-0-2
5,2024020113,Pre-Game,New York Rangers,0,0,Florida Panthers,97.46%,2.54%,5-0-1,4-3-1
6,2024020114,Pre-Game,Calgary Flames,0,0,Carolina Hurricanes,51.72%,48.28%,5-0-1,3-2-0
7,2024020115,Pre-Game,Utah Hockey Club,0,0,Colorado Avalanche,78.71%,21.29%,4-2-1,3-4-0
8,2024020116,Pre-Game,Seattle Kraken,0,0,Winnipeg Jets,11.04%,88.96%,4-3-0,6-0-0
9,2024020117,Pre-Game,Los Angeles Kings,0,0,San Jose Sharks,90.09%,9.91%,3-2-2,0-5-2
