,GameID,Game State,Home Team,Home Goals,Away Goals,Away Team,Pre-Game Home Win Probability,Pre-Game Away Win Probability,Home Record,Away Record
1,2024020092,Pre-Game,Philadelphia Flyers,0,0,Washington Capitals,1.25%,98.75%,1-3-1,3-1-0
2,2024020093,Pre-Game,Florida Panthers,0,0,Minnesota Wild,13.84%,86.16%,4-2-1,3-0-2
3,2024020094,Pre-Game,New Jersey Devils,0,0,Tampa Bay Lightning,63.73%,36.27%,5-2-1,3-2-0
4,2024020095,Pre-Game,Buffalo Sabres,0,0,Dallas Stars,30.60%,69.40%,2-4-1,5-1-0
5,2024020096,Pre-Game,Montréal Canadiens,0,0,New York Rangers,1.71%,98.29%,2-3-1,4-0-1
6,2024020097,Pre-Game,Columbus Blue Jackets,0,0,Toronto Maple Leafs,8.18%,91.82%,2-3-0,4-2-0
7,2024020098,Pre-Game,New York Islanders,0,0,Detroit Red Wings,61.01%,38.99%,2-1-2,2-3-0
8,2024020099,Pre-Game,St. Louis Blues,0,0,Winnipeg Jets,7.02%,92.98%,4-2-0,5-0-0
9,2024020100,Pre-Game,Chicago Blackhawks,0,0,Vancouver Canucks,50.29%,49.71%,2-3-1,2-1-2
10,2024020106,Pre-Game,Seattle Kraken,0,0,Colorado Avalanche,92.85%,7.15%,4-2-0,2-4-0
11,2024020101,Pre-Game,Nashville Predators,0,0,Boston Bruins,2.90%,97.10%,0-5-0,3-2-1
12,2024020103,Pre-Game,Edmonton Oilers,0,0,Carolina Hurricanes,1.81%,98.19%,2-4-0,2-2-0
13,2024020104,Pre-Game,Utah Hockey Club,0,0,Ottawa Senators,61.85%,38.15%,4-1-1,3-2-0
14,2024020102,Pre-Game,Calgary Flames,0,0,Pittsburgh Penguins,60.45%,39.55%,4-0-1,3-4-0
15,2024020105,Pre-Game,Anaheim Ducks,0,0,San Jose Sharks,81.97%,18.03%,2-2-1,0-4-2
16,2024020107,Pre-Game,Vegas Golden Knights,0,0,Los Angeles Kings,50.39%,49.61%,3-2-1,3-1-2
