,Date,Start (EST),Home Team,Home Win Prob,Visitor Win Prob,Visiting Team,Arena
42,"Mon, Oct 28, 2024",7:00p,Orlando Magic,90.99%,9.01%,Indiana Pacers,
43,"Mon, Oct 28, 2024",7:30p,Atlanta Hawks,66.81%,33.19%,Washington Wizards,
44,"Mon, Oct 28, 2024",7:30p,Boston Celtics,98.38%,1.62%,Milwaukee Bucks,
45,"Mon, Oct 28, 2024",7:30p,Toronto Raptors,3.30%,96.70%,Denver Nuggets,
46,"Mon, Oct 28, 2024",7:30p,Miami Heat,38.63%,61.37%,Detroit Pistons,
47,"Mon, Oct 28, 2024",7:30p,New York Knicks,8.97%,91.03%,Cleveland Cavaliers,
48,"Mon, Oct 28, 2024",8:00p,San Antonio Spurs,53.40%,46.60%,Houston Rockets,
49,"Mon, Oct 28, 2024",8:00p,Memphis Grizzlies,55.21%,44.79%,Chicago Bulls,
50,"Mon, Oct 28, 2024",8:30p,Dallas Mavericks,95.44%,4.56%,Utah Jazz,
51,"Mon, Oct 28, 2024",10:00p,Sacramento Kings,80.19%,19.81%,Portland Trail Blazers,
52,"Mon, Oct 28, 2024",10:00p,Phoenix Suns,55.13%,44.87%,Los Angeles Lakers,
