,GameID,Game State,Home Team,Home Goals,Away Goals,Away Team,Pre-Game Home Win Probability,Pre-Game Away Win Probability,Home Record,Away Record
1,2024020122,Pre-Game,Buffalo Sabres,0,0,Detroit Red Wings,40.45%,59.55%,3-4-1,4-3-0
2,2024020123,Pre-Game,Philadelphia Flyers,0,0,Minnesota Wild,1.90%,98.10%,1-5-1,5-0-2
3,2024020124,Pre-Game,Los Angeles Kings,0,0,Utah Hockey Club,53.47%,46.53%,4-2-2,4-3-1
4,2024020125,Pre-Game,Boston Bruins,0,0,Toronto Maple Leafs,19.73%,80.27%,3-4-1,4-4-0
5,2024020126,Pre-Game,Montréal Canadiens,0,0,St. Louis Blues,7.98%,92.02%,2-4-1,5-3-0
6,2024020127,Pre-Game,Tampa Bay Lightning,0,0,Washington Capitals,52.79%,47.21%,4-3-0,5-1-0
7,2024020128,Pre-Game,New York Rangers,0,0,Anaheim Ducks,94.11%,5.89%,5-1-1,3-2-1
8,2024020129,Pre-Game,Calgary Flames,0,0,Winnipeg Jets,14.79%,85.21%,5-1-1,7-0-0
9,2024020130,Pre-Game,New York Islanders,0,0,Florida Panthers,42.81%,57.19%,3-2-2,5-3-1
10,2024020131,Pre-Game,Nashville Predators,0,0,Columbus Blue Jackets,6.52%,93.48%,2-5-0,3-3-0
11,2024020132,Pre-Game,Dallas Stars,0,0,Chicago Blackhawks,85.77%,14.23%,6-2-0,2-5-1
12,2024020133,Pre-Game,Vancouver Canucks,0,0,Pittsburgh Penguins,69.66%,30.34%,3-1-2,3-5-1
13,2024020134,Pre-Game,Vegas Golden Knights,0,0,San Jose Sharks,96.49%,3.51%,5-2-1,0-6-2
14,2024020135,Pre-Game,Seattle Kraken,0,0,Carolina Hurricanes,49.50%,50.50%,4-3-1,4-2-0
