,Date,Start (EST),Home Team,Home Win Prob,Visitor Win Prob,Visiting Team,Arena
81,"Sat, Nov 2, 2024",6:00p,Charlotte Hornets,6.58%,93.42%,Boston Celtics,
82,"Sat, Nov 2, 2024",7:30p,Philadelphia 76ers,7.90%,92.10%,Memphis Grizzlies,
83,"Sat, Nov 2, 2024",7:30p,Toronto Raptors,8.62%,91.38%,Sacramento Kings,
84,"Sat, Nov 2, 2024",8:00p,Houston Rockets,4.18%,95.82%,Golden State Warriors,
85,"Sat, Nov 2, 2024",8:00p,Milwaukee Bucks,0.21%,99.79%,Cleveland Cavaliers,
86,"Sat, Nov 2, 2024",8:00p,San Antonio Spurs,50.19%,49.81%,Minnesota Timberwolves,
87,"Sat, Nov 2, 2024",9:30p,Washington Wizards,56.79%,43.21%,Miami Heat,
88,"Sat, Nov 2, 2024",10:00p,Denver Nuggets,94.22%,5.78%,Utah Jazz,
89,"Sat, Nov 2, 2024",10:00p,Phoenix Suns,89.89%,10.11%,Portland Trail Blazers,
90,"Sat, Nov 2, 2024",10:30p,Los Angeles Clippers,11.98%,88.02%,Oklahoma City Thunder,
