,Date,Start (EST),Home Team,Home Win Prob,Visitor Win Prob,Visiting Team,Arena
57,"Wed, Oct 30, 2024",7:00p,Philadelphia 76ers,14.48%,85.52%,Detroit Pistons,
58,"Wed, Oct 30, 2024",7:00p,Washington Wizards,39.50%,60.50%,Atlanta Hawks,
59,"Wed, Oct 30, 2024",7:00p,Indiana Pacers,1.23%,98.77%,Boston Celtics,
60,"Wed, Oct 30, 2024",7:00p,Cleveland Cavaliers,34.66%,65.34%,Los Angeles Lakers,
61,"Wed, Oct 30, 2024",7:00p,Charlotte Hornets,59.81%,40.19%,Toronto Raptors,
62,"Wed, Oct 30, 2024",7:30p,Miami Heat,18.98%,81.02%,New York Knicks,
63,"Wed, Oct 30, 2024",8:00p,Chicago Bulls,35.79%,64.21%,Orlando Magic,
64,"Wed, Oct 30, 2024",8:00p,Memphis Grizzlies,52.48%,47.52%,Brooklyn Nets,
65,"Wed, Oct 30, 2024",9:30p,Oklahoma City Thunder,97.84%,2.16%,San Antonio Spurs,
66,"Wed, Oct 30, 2024",10:00p,Golden State Warriors,99.31%,0.69%,New Orleans Pelicans,
67,"Wed, Oct 30, 2024",10:30p,Los Angeles Clippers,96.82%,3.18%,Portland Trail Blazers,
