,GameID,Game State,Home Team,Home Goals,Away Goals,Away Team,Pre-Game Home Win Probability,Pre-Game Away Win Probability,Home Record,Away Record
1,2024020118,Pre-Game,Vegas Golden Knights,0,0,Ottawa Senators,72.33%,27.67%,4-2-1,4-2-0
2,2024020119,Pre-Game,New Jersey Devils,0,0,New York Islanders,72.73%,27.27%,5-4-1,2-2-2
3,2024020120,Pre-Game,Chicago Blackhawks,0,0,Nashville Predators,63.66%,36.34%,2-4-1,1-5-0
4,2024020121,Pre-Game,Edmonton Oilers,0,0,Pittsburgh Penguins,18.81%,81.19%,2-4-1,3-4-1
