,Home Team,Home Goals,Away Goals,Away Team,Date,xGD,GD,Upset Rating
1,Toronto Maple Leafs,5,2,Tampa Bay Lightning,2024-10-21,-1.73,3,4.73
2,Philadelphia Flyers,7,5,Minnesota Wild,2024-10-26,-2.64,2,4.64
3,Montréal Canadiens,5,2,St. Louis Blues,2024-10-26,-1.30,3,4.30
4,Montréal Canadiens,4,1,Ottawa Senators,2024-10-12,-1.28,3,4.28
5,Nashville Predators,4,0,Boston Bruins,2024-10-22,-0.22,4,4.22
6,Edmonton Oilers,4,0,Pittsburgh Penguins,2024-10-25,-0.12,4,4.12
7,New York Rangers,5,6,Utah Hockey Club,2024-10-12,2.79,-1,3.79
8,Colorado Avalanche,2,6,New York Islanders,2024-10-14,-0.22,-4,3.78
9,Detroit Red Wings,3,6,Pittsburgh Penguins,2024-10-10,0.71,-3,3.71
10,Utah Hockey Club,1,5,Colorado Avalanche,2024-10-24,-0.29,-4,3.71
11,Toronto Maple Leafs,1,5,St. Louis Blues,2024-10-24,-0.42,-4,3.58
12,Buffalo Sabres,5,2,Florida Panthers,2024-10-12,-0.54,3,3.54
13,Toronto Maple Leafs,6,2,Los Angeles Kings,2024-10-16,0.53,4,3.47
14,New York Rangers,1,3,Florida Panthers,2024-10-24,1.39,-2,3.39
15,Pittsburgh Penguins,0,6,New York Rangers,2024-10-09,-2.71,-6,3.29
16,Columbus Blue Jackets,6,2,Toronto Maple Leafs,2024-10-22,0.72,4,3.28
17,Edmonton Oilers,2,5,Chicago Blackhawks,2024-10-12,0.14,-3,3.14
18,Montréal Canadiens,3,6,Pittsburgh Penguins,2024-10-14,0.01,-3,3.01
19,Vegas Golden Knights,6,1,Los Angeles Kings,2024-10-22,2.08,5,2.92
20,Buffalo Sabres,4,2,Dallas Stars,2024-10-22,-0.87,2,2.87
21,Utah Hockey Club,5,2,Chicago Blackhawks,2024-10-08,0.18,3,2.82
22,Anaheim Ducks,1,4,Los Angeles Kings,2024-10-20,-0.21,-3,2.79
23,Nashville Predators,4,3,Columbus Blue Jackets,2024-10-26,-1.77,1,2.77
24,Edmonton Oilers,0,6,Winnipeg Jets,2024-10-09,-3.26,-6,2.74
25,Washington Capitals,3,5,New Jersey Devils,2024-10-12,0.71,-2,2.71
26,Florida Panthers,1,5,Minnesota Wild,2024-10-22,-1.30,-4,2.70
27,Montréal Canadiens,1,4,Los Angeles Kings,2024-10-17,-0.35,-3,2.65
28,Utah Hockey Club,0,4,Ottawa Senators,2024-10-22,-1.36,-4,2.64
29,Detroit Red Wings,5,3,New Jersey Devils,2024-10-24,-0.63,2,2.63
30,Carolina Hurricanes,1,4,Tampa Bay Lightning,2024-10-11,-0.47,-3,2.53
31,Nashville Predators,3,7,Seattle Kraken,2024-10-15,-1.54,-4,2.46
32,Buffalo Sabres,1,4,New Jersey Devils,2024-10-04,-0.55,-3,2.45
33,New Jersey Devils,2,4,Toronto Maple Leafs,2024-10-10,0.44,-2,2.44
34,Tampa Bay Lightning,3,0,Washington Capitals,2024-10-26,0.57,3,2.43
35,Buffalo Sabres,1,3,Los Angeles Kings,2024-10-10,0.42,-2,2.42
36,Winnipeg Jets,2,1,Chicago Blackhawks,2024-10-11,3.41,1,2.41
37,Washington Capitals,4,2,Vegas Golden Knights,2024-10-15,-0.40,2,2.40
38,Ottawa Senators,5,4,Tampa Bay Lightning,2024-10-19,-1.33,1,2.33
39,Montréal Canadiens,2,7,New York Rangers,2024-10-22,-2.71,-5,2.29
40,Minnesota Wild,4,5,Seattle Kraken,2024-10-12,1.24,-1,2.24
41,Seattle Kraken,1,4,Carolina Hurricanes,2024-10-26,-0.77,-3,2.23
42,Vancouver Canucks,2,3,Philadelphia Flyers,2024-10-11,1.18,-1,2.18
43,Seattle Kraken,2,3,Colorado Avalanche,2024-10-22,1.17,-1,2.17
44,Colorado Avalanche,3,5,Boston Bruins,2024-10-16,0.15,-2,2.15
45,Nashville Predators,2,5,Detroit Red Wings,2024-10-19,-0.87,-3,2.13
46,Detroit Red Wings,3,0,Nashville Predators,2024-10-12,0.87,3,2.13
47,Florida Panthers,4,3,Vegas Golden Knights,2024-10-19,-1.12,1,2.12
48,New York Islanders,3,6,Florida Panthers,2024-10-26,-0.89,-3,2.11
49,Ottawa Senators,3,1,Florida Panthers,2024-10-10,-0.03,2,2.03
50,Tampa Bay Lightning,2,4,Minnesota Wild,2024-10-24,-0.00,-2,2.00
51,Dallas Stars,3,2,San Jose Sharks,2024-10-15,2.97,1,1.97
52,Nashville Predators,2,4,Edmonton Oilers,2024-10-17,-0.04,-2,1.96
53,Boston Bruins,6,4,Montréal Canadiens,2024-10-10,0.05,2,1.95
54,Ottawa Senators,1,3,New Jersey Devils,2024-10-17,-0.05,-2,1.95
55,Buffalo Sabres,5,3,Detroit Red Wings,2024-10-26,0.07,2,1.93
56,New Jersey Devils,3,4,New York Islanders,2024-10-25,0.90,-1,1.90
57,Montréal Canadiens,1,0,Toronto Maple Leafs,2024-10-09,-0.88,1,1.88
58,St. Louis Blues,4,3,Carolina Hurricanes,2024-10-19,-0.85,1,1.85
59,Boston Bruins,4,3,Toronto Maple Leafs,2024-10-26,-0.83,1,1.83
60,Philadelphia Flyers,0,3,Vancouver Canucks,2024-10-19,-1.18,-3,1.82
61,Pittsburgh Penguins,6,5,Buffalo Sabres,2024-10-16,-0.78,1,1.78
62,Dallas Stars,3,0,New York Islanders,2024-10-12,1.22,3,1.78
63,Vegas Golden Knights,8,4,Colorado Avalanche,2024-10-09,2.23,4,1.77
64,Dallas Stars,2,0,Seattle Kraken,2024-10-13,0.27,2,1.73
65,New Jersey Devils,5,8,Tampa Bay Lightning,2024-10-22,-1.28,-3,1.72
66,St. Louis Blues,1,4,Minnesota Wild,2024-10-15,-1.31,-3,1.69
67,San Jose Sharks,4,5,St. Louis Blues,2024-10-10,-2.62,-1,1.62
68,New Jersey Devils,3,0,Utah Hockey Club,2024-10-14,1.41,3,1.59
69,Chicago Blackhawks,3,6,Vancouver Canucks,2024-10-22,-1.43,-3,1.57
70,New York Rangers,2,1,Anaheim Ducks,2024-10-26,2.57,1,1.57
71,Tampa Bay Lightning,4,1,Vancouver Canucks,2024-10-15,1.45,3,1.55
72,New York Islanders,4,5,Utah Hockey Club,2024-10-10,0.51,-1,1.51
73,San Jose Sharks,1,4,Colorado Avalanche,2024-10-20,-1.53,-3,1.47
74,New Jersey Devils,3,1,Buffalo Sabres,2024-10-05,0.55,2,1.45
75,Calgary Flames,6,3,Philadelphia Flyers,2024-10-12,1.57,3,1.43
76,Boston Bruins,2,5,Dallas Stars,2024-10-24,-1.59,-3,1.41
77,Calgary Flames,2,4,Carolina Hurricanes,2024-10-24,-0.60,-2,1.40
78,Edmonton Oilers,1,4,Calgary Flames,2024-10-13,-1.67,-3,1.33
79,Boston Bruins,2,1,Los Angeles Kings,2024-10-12,-0.30,1,1.30
80,Columbus Blue Jackets,3,4,Florida Panthers,2024-10-15,0.29,-1,1.29
81,Edmonton Oilers,2,3,Carolina Hurricanes,2024-10-22,-2.27,-1,1.27
82,Dallas Stars,4,1,Edmonton Oilers,2024-10-19,1.77,3,1.23
83,Carolina Hurricanes,4,2,New Jersey Devils,2024-10-15,0.82,2,1.18
84,Toronto Maple Leafs,1,4,New York Rangers,2024-10-19,-1.82,-3,1.18
85,Columbus Blue Jackets,6,4,Buffalo Sabres,2024-10-17,0.83,2,1.17
86,Seattle Kraken,2,1,Calgary Flames,2024-10-19,-0.17,1,1.17
87,Florida Panthers,2,3,Vancouver Canucks,2024-10-17,0.15,-1,1.15
88,Utah Hockey Club,2,1,Boston Bruins,2024-10-19,-0.14,1,1.14
89,Toronto Maple Leafs,4,2,Pittsburgh Penguins,2024-10-12,0.89,2,1.11
90,Edmonton Oilers,4,3,Philadelphia Flyers,2024-10-15,-0.10,1,1.10
91,Seattle Kraken,2,3,St. Louis Blues,2024-10-08,0.08,-1,1.08
92,New York Rangers,4,1,Detroit Red Wings,2024-10-14,2.00,3,1.00
93,Detroit Red Wings,2,5,New York Rangers,2024-10-17,-2.00,-3,1.00
94,Columbus Blue Jackets,1,3,Minnesota Wild,2024-10-19,-1.01,-2,0.99
95,Chicago Blackhawks,4,2,San Jose Sharks,2024-10-17,1.05,2,0.95
96,Chicago Blackhawks,2,4,Buffalo Sabres,2024-10-19,-1.05,-2,0.95
97,Philadelphia Flyers,1,4,Washington Capitals,2024-10-22,-2.06,-3,0.94
98,Washington Capitals,6,3,Philadelphia Flyers,2024-10-23,2.06,3,0.94
99,Colorado Avalanche,4,3,Anaheim Ducks,2024-10-18,0.06,1,0.94
100,Chicago Blackhawks,2,3,Nashville Predators,2024-10-25,-0.11,-1,0.89
101,Pittsburgh Penguins,1,4,Carolina Hurricanes,2024-10-18,-2.15,-3,0.85
102,Vegas Golden Knights,6,4,Ottawa Senators,2024-10-25,1.16,2,0.84
103,St. Louis Blues,2,3,Winnipeg Jets,2024-10-22,-1.84,-1,0.84
104,Tampa Bay Lightning,4,3,Vegas Golden Knights,2024-10-17,0.18,1,0.82
105,Nashville Predators,3,4,Dallas Stars,2024-10-10,-1.81,-1,0.81
106,Anaheim Ducks,5,4,Utah Hockey Club,2024-10-16,0.23,1,0.77
107,Seattle Kraken,3,4,Winnipeg Jets,2024-10-24,-1.76,-1,0.76
108,Florida Panthers,6,4,Boston Bruins,2024-10-08,1.26,2,0.74
109,New York Islanders,0,1,Detroit Red Wings,2024-10-22,-0.28,-1,0.72
110,Los Angeles Kings,3,2,San Jose Sharks,2024-10-24,1.68,1,0.68
111,Vancouver Canucks,5,6,Calgary Flames,2024-10-09,-0.39,-1,0.61
112,Washington Capitals,3,2,Dallas Stars,2024-10-17,0.40,1,0.60
113,Colorado Avalanche,4,6,Columbus Blue Jackets,2024-10-12,-1.40,-2,0.60
114,Seattle Kraken,6,4,Philadelphia Flyers,2024-10-17,1.40,2,0.60
115,New York Islanders,4,3,Montréal Canadiens,2024-10-19,0.42,1,0.58
116,Los Angeles Kings,3,2,Utah Hockey Club,2024-10-26,0.44,1,0.56
117,Calgary Flames,4,3,Pittsburgh Penguins,2024-10-22,1.55,1,0.55
118,Anaheim Ducks,3,1,San Jose Sharks,2024-10-22,1.46,2,0.54
119,San Jose Sharks,0,2,Anaheim Ducks,2024-10-12,-1.46,-2,0.54
120,Winnipeg Jets,8,3,San Jose Sharks,2024-10-18,4.46,5,0.54
121,Winnipeg Jets,2,1,Minnesota Wild,2024-10-13,0.52,1,0.48
122,Calgary Flames,3,5,Winnipeg Jets,2024-10-26,-1.59,-2,0.41
123,Vegas Golden Knights,3,1,Anaheim Ducks,2024-10-13,2.30,2,0.30
124,New Jersey Devils,5,6,Washington Capitals,2024-10-19,-0.71,-1,0.29
125,Boston Bruins,3,4,Florida Panthers,2024-10-14,-1.26,-1,0.26
126,Vegas Golden Knights,7,3,San Jose Sharks,2024-10-26,3.76,4,0.24
127,Calgary Flames,3,1,Chicago Blackhawks,2024-10-15,1.82,2,0.18
128,Vancouver Canucks,4,3,Pittsburgh Penguins,2024-10-26,1.17,1,0.17
129,Vegas Golden Knights,4,3,St. Louis Blues,2024-10-11,1.14,1,0.14
130,Winnipeg Jets,6,3,Pittsburgh Penguins,2024-10-20,3.14,3,0.14
131,St. Louis Blues,1,0,New York Islanders,2024-10-17,0.88,1,0.12
132,Dallas Stars,4,2,Chicago Blackhawks,2024-10-26,1.91,2,0.09
133,Ottawa Senators,8,7,Los Angeles Kings,2024-10-14,0.93,1,0.07
134,Minnesota Wild,3,2,Columbus Blue Jackets,2024-10-10,1.01,1,0.01
